"","AS 65164","AS 65165","AS 39079"
"(ConfigDevice) AH2-RAPP-00S401-01C6509--PRA",,,
"(ConfigDevice) AH2-RAPP-00S401-01C6509-PRA",,,
"(ConfigDevice) AH2-RAPP-00S401-01C6509",,,
"(ConfigDevice) AH2-RAPP-00S401-02C6509--PRA",,,
"(ConfigDevice) AH2-RAPP-00S401-02C6509",,,
"(ConfigDevice) AH3-RAPP-00S401-01C6509",,,
"(ConfigDevice) AH3-RAPP-00S401-02C6509",,,
"(ConfigDevice) RC-ACHERES",,,
"(ConfigDevice) RC-AH0-00T1",,,
"(ConfigDevice) RC-AH1-00T208-40","1",,
"(ConfigDevice) RC-AH1-00T208-60",,"1",
"(ConfigDevice) RC-AH1-00T208-61",,"1",
"(ConfigDevice) RC-AH1-00T208-80",,,
"(ConfigDevice) RC-AH1-00T208-81",,,
"(ConfigDevice) RC-AH2-00T1",,,
"(ConfigDevice) RC-AH2-DMZ-LTC1107-01",,,
"(ConfigDevice) RC-AH2-RAPP-00TWAN-CI7204",,,"1"
"(ConfigDevice) RC-AH3-00T1",,,
"(ConfigDevice) RC-AH3-00T208-41","1",,
"(ConfigDevice) RC-AH3-DMZ-LTC1107-02",,,
"(ConfigDevice) RC-AH3-RAPP-00TWAN-CI7204",,,"1"
"(ConfigDevice) RC-ARRAS-MSC",,,
"(ConfigDevice) RC-AUBAGNE-MSC",,,
"(ConfigDevice) RC-BEZONS1",,,
"(ConfigDevice) RC-BEZONS2-1",,,
"(ConfigDevice) RC-BEZONS2-2",,,
"(ConfigDevice) RC-BEZONS3",,,
"(ConfigDevice) RC-BOBIGNY",,,
"(ConfigDevice) RC-BORDEAUX-MSC",,,
"(ConfigDevice) RC-BRON1",,,
"(ConfigDevice) RC-BRON2",,,
"(ConfigDevice) RC-BRON3",,,
"(ConfigDevice) RC-BRON4",,,
"(ConfigDevice) RC-CHAMPIGNY-MSC",,,
"(ConfigDevice) RC-CHAMPLAN1",,,
"(ConfigDevice) RC-CHAMPLAN2-1",,,
"(ConfigDevice) RC-CHAMPLAN2-2",,,
"(ConfigDevice) RC-CHARPENNE1",,,
"(ConfigDevice) RC-CHOISY",,,
"(ConfigDevice) RC-COURBEVOIE15",,,
"(ConfigDevice) RC-COURBEVOIE16",,,
"(ConfigDevice) RC-DEFENSE1",,,
"(ConfigDevice) RC-DEFENSE14",,,
"(ConfigDevice) RC-DEFENSE2",,,
"(ConfigDevice) RC-DEFENSE3",,,
"(ConfigDevice) RC-DEFENSE4",,,
"(ConfigDevice) RC-DEFENSE6",,,
"(ConfigDevice) RC-DEFENSE7",,,
"(ConfigDevice) RC-DIJON-MSC-NEW",,,
"(ConfigDevice) RC-DIJON-MSC",,,
"(ConfigDevice) RC-GRENOBLE-MSC",,,
"(ConfigDevice) RC-LA-FLECHE-MSC",,,
"(ConfigDevice) RC-LA-SEYNE-MSC",,,
"(ConfigDevice) RC-LAMPERTHEIM-MSC",,,
"(ConfigDevice) RC-LBM-00P1C1-01",,,
"(ConfigDevice) RC-LBM-00SA02-40","1",,
"(ConfigDevice) RC-LBM-00SA02-70",,,
"(ConfigDevice) RC-LBM5",,,
"(ConfigDevice) RC-LBM9",,,
"(ConfigDevice) RC-LEFOULLON1",,,
"(ConfigDevice) RC-LEFOULLON2",,,
"(ConfigDevice) RC-LILLE-PILAT1",,,
"(ConfigDevice) RC-LILLE-REP1",,,
"(ConfigDevice) RC-LIMOGES-MSC",,,
"(ConfigDevice) RC-LYON-CORBAS",,,
"(ConfigDevice) RC-METZ1",,,
"(ConfigDevice) RC-MITRY-MORY1-1",,,
"(ConfigDevice) RC-MITRY-MORY2-1",,,
"(ConfigDevice) RC-MONTPELLIER-MSC",,,
"(ConfigDevice) RC-NEUILLY",,,
"(ConfigDevice) RC-NICE-MSC",,,
"(ConfigDevice) RC-PRO-00TI-40",,,
"(ConfigDevice) RC-PROLOGUE1",,,
"(ConfigDevice) RC-PSE",,,
"(ConfigDevice) RC-PUGET1",,,
"(ConfigDevice) RC-RCALAIS1",,,
"(ConfigDevice) RC-RDEF-LTC-S1-1B1-40",,,
"(ConfigDevice) RC-RDEF-LTCS1-2B1-41",,,
"(ConfigDevice) RC-RENNES-MSC",,,
"(ConfigDevice) RC-RENNES-SS1",,,
"(ConfigDevice) RC-RENNES-SS2",,,
"(ConfigDevice) RC-RENNES-SS3",,,
"(ConfigDevice) RC-ROUEN-MSC",,,
"(ConfigDevice) RC-RSS00SI-B7-01",,,
"(ConfigDevice) RC-SANNOIS",,,
"(ConfigDevice) RC-SEQ-R117-40","1",,
"(ConfigDevice) RC-SEQ-R117-60",,"1",
"(ConfigDevice) RC-SEQ-R125-41","1",,
"(ConfigDevice) RC-SEQ-R125-60",,"1",
"(ConfigDevice) RC-SEQ-R125-61",,"1",
"(ConfigDevice) RC-SEQUOIA16",,,
"(ConfigDevice) RC-SEQUOIA17",,,
"(ConfigDevice) RC-ST-ETIENNE-MSC",,,
"(ConfigDevice) RC-TOULOUSE-MSC",,,
"(ConfigDevice) RC-TOULOUSE1",,,
"(ConfigDevice) RC-TOULOUSE2",,,
"(ConfigDevice) RC-TRAPPES2",,,
"(ConfigDevice) RC-VALENTON1",,,
"(ConfigDevice) RC-VALENTON2",,,
"(ConfigDevice) RC-VITROLLES-MSC",,,
"(ConfigDevice) RSS-RAPI-00S0B-01C6509",,,
"(ConfigDevice) RSS-RAPI-00S0B-02C6509",,,
