"prafwbak01","NO ROUTE!","","",""
"prafwbak01","NO ROUTE!","","",""
"prafwbak01","NO ROUTE!","","",""
"prafwbak01","NO ROUTE!","","",""
"prafwbak01","NO ROUTE!","","",""
"prafwbak01","NO ROUTE!","","",""
"prafwbak01","NO ROUTE!","","",""
"prafwbak01","NO ROUTE!","","",""
"prafwbak01","NO ROUTE!","","",""
"prafwbak01","NO ROUTE!","","",""
"prafwbak01","NO ROUTE!","","",""
"prafwbak01","NO ROUTE!","","",""
"prafwbak01","NO ROUTE!","","",""
"prafwbak01","NO ROUTE!","","",""
"prafwbak01","NO ROUTE!","","",""
"prafwbak01","NO ROUTE!","","",""
"prafwbak01","NO ROUTE!","","",""
"prafwbak01","NO ROUTE!","","",""
"prafwbak01","NO ROUTE!","","",""
"prafwbak01","NO ROUTE!","","",""
"prafwbak01","NO ROUTE!","","",""
"prafwbak01","NO ROUTE!","","",""
"prafwbak01","NO ROUTE!","","",""
"prafwbak01","NO ROUTE!","","",""
"prafwbak01","NO ROUTE!","","",""
"prafwbak01","NO ROUTE!","","",""
"prafwbak01","NO ROUTE!","","",""
"prafwbak01","NO ROUTE!","","",""
"prafwbak01","NO ROUTE!","","",""
"prafwbak01","NO ROUTE!","","",""
"prafwbak01","NO ROUTE!","","",""
"prafwbak01","NO ROUTE!","","",""
"prafwbak01","NO ROUTE!","","",""
"prafwbak01","NO ROUTE!","","",""
"prafwbak01","NO ROUTE!","","",""
"prafwbak01","NO ROUTE!","","",""
"prafwbak01","NO ROUTE!","","",""
"prafwbak01","NO ROUTE!","","",""
"prafwbak01","NO ROUTE!","","",""
"prafwbak01","NO ROUTE!","","",""
"prafwbak01","NO ROUTE!","","",""
"prafwbak01","NO ROUTE!","","",""
"prafwbak01","NO ROUTE!","","",""
"prafwbak01","NO ROUTE!","","",""
"prafwbak01","NO ROUTE!","","",""
"prafwbak01","NO ROUTE!","","",""
"prafwbak01","NO ROUTE!","","",""
"prafwbak01","NO ROUTE!","","",""
"prafwbak01","NO ROUTE!","","",""
"prafwbak01","NO ROUTE!","","",""
"prafwbak01","NO ROUTE!","","",""
"prafwbak02","NO ROUTE!","","",""
"prafwbak02","NO ROUTE!","","",""
"prafwbak02","NO ROUTE!","","",""
"prafwbak02","NO ROUTE!","","",""
"prafwbak02","NO ROUTE!","","",""
"prafwbak02","NO ROUTE!","","",""
"prafwbak02","NO ROUTE!","","",""
"prafwbak02","NO ROUTE!","","",""
"prafwbak02","NO ROUTE!","","",""
"prafwbak02","NO ROUTE!","","",""
"prafwbak02","NO ROUTE!","","",""
"prafwbak02","NO ROUTE!","","",""
"prafwbak02","NO ROUTE!","","",""
"prafwbak02","NO ROUTE!","","",""
"prafwbak02","NO ROUTE!","","",""
"prafwbak02","NO ROUTE!","","",""
"prafwbak02","NO ROUTE!","","",""
"prafwbak02","NO ROUTE!","","",""
"prafwbak02","NO ROUTE!","","",""
"prafwbak02","NO ROUTE!","","",""
"prafwbak02","NO ROUTE!","","",""
"prafwbak02","NO ROUTE!","","",""
"prafwbak02","NO ROUTE!","","",""
"prafwbak02","NO ROUTE!","","",""
"prafwbak02","NO ROUTE!","","",""
"prafwbak02","NO ROUTE!","","",""
"prafwbak02","NO ROUTE!","","",""
"prafwbak02","NO ROUTE!","","",""
"prafwbak02","NO ROUTE!","","",""
"prafwbak02","NO ROUTE!","","",""
"prafwbak02","NO ROUTE!","","",""
"prafwbak02","NO ROUTE!","","",""
"prafwbak02","NO ROUTE!","","",""
"prafwbak02","NO ROUTE!","","",""
"prafwbak02","NO ROUTE!","","",""
"prafwbak02","NO ROUTE!","","",""
"prafwbak02","NO ROUTE!","","",""
"prafwbak02","NO ROUTE!","","",""
"prafwbak02","NO ROUTE!","","",""
"prafwbak02","NO ROUTE!","","",""
"prafwbak02","NO ROUTE!","","",""
"prafwbak02","NO ROUTE!","","",""
"prafwbak02","NO ROUTE!","","",""
"prafwbak02","NO ROUTE!","","",""
"prafwbak02","NO ROUTE!","","",""
"prafwbak02","NO ROUTE!","","",""
"prafwbak02","NO ROUTE!","","",""
"prafwbak02","NO ROUTE!","","",""
"prafwbak02","NO ROUTE!","","",""
"prafwbak02","NO ROUTE!","","",""
"prafwbak02","NO ROUTE!","","",""
"prafwcol01","NO ROUTE!","","",""
"prafwcol01","NO ROUTE!","","",""
"prafwcol01","NO ROUTE!","","",""
"prafwcol01","NO ROUTE!","","",""
"prafwcol01","NO ROUTE!","","",""
"prafwcol01","NO ROUTE!","","",""
"prafwcol01","NO ROUTE!","","",""
"prafwcol01","NO ROUTE!","","",""
"prafwcol01","NO ROUTE!","","",""
"prafwcol01","NO ROUTE!","","",""
"prafwcol01","NO ROUTE!","","",""
"prafwcol01","NO ROUTE!","","",""
"prafwcol01","NO ROUTE!","","",""
"prafwcol01","NO ROUTE!","","",""
"prafwcol01","NO ROUTE!","","",""
"prafwcol01","NO ROUTE!","","",""
"prafwcol01","NO ROUTE!","","",""
"prafwcol01","NO ROUTE!","","",""
"prafwcol01","NO ROUTE!","","",""
"prafwcol01","NO ROUTE!","","",""
"prafwcol01","NO ROUTE!","","",""
"prafwcol01","NO ROUTE!","","",""
"prafwcol01","NO ROUTE!","","",""
"prafwcol01","NO ROUTE!","","",""
"prafwcol01","NO ROUTE!","","",""
"prafwcol01","NO ROUTE!","","",""
"prafwcol01","NO ROUTE!","","",""
"prafwcol01","NO ROUTE!","","",""
"prafwcol01","NO ROUTE!","","",""
"prafwcol01","NO ROUTE!","","",""
"prafwcol01","NO ROUTE!","","",""
"prafwcol01","NO ROUTE!","","",""
"prafwcol01","NO ROUTE!","","",""
"prafwcol01","NO ROUTE!","","",""
"prafwcol01","NO ROUTE!","","",""
"prafwcol01","NO ROUTE!","","",""
"prafwcol01","NO ROUTE!","","",""
"prafwcol01","NO ROUTE!","","",""
"prafwcol01","NO ROUTE!","","",""
"prafwcol01","NO ROUTE!","","",""
"prafwcol01","NO ROUTE!","","",""
"prafwcol01","NO ROUTE!","","",""
"prafwcol01","NO ROUTE!","","",""
"prafwcol01","NO ROUTE!","","",""
"prafwcol01","NO ROUTE!","","",""
"prafwcol01","NO ROUTE!","","",""
"prafwcol01","NO ROUTE!","","",""
"prafwcol01","NO ROUTE!","","",""
"prafwcol01","NO ROUTE!","","",""
"prafwcol01","NO ROUTE!","","",""
"prafwcol01","NO ROUTE!","","",""
"prafwcol02","NO ROUTE!","","",""
"prafwcol02","NO ROUTE!","","",""
"prafwcol02","NO ROUTE!","","",""
"prafwcol02","NO ROUTE!","","",""
"prafwcol02","NO ROUTE!","","",""
"prafwcol02","NO ROUTE!","","",""
"prafwcol02","NO ROUTE!","","",""
"prafwcol02","NO ROUTE!","","",""
"prafwcol02","NO ROUTE!","","",""
"prafwcol02","NO ROUTE!","","",""
"prafwcol02","NO ROUTE!","","",""
"prafwcol02","NO ROUTE!","","",""
"prafwcol02","NO ROUTE!","","",""
"prafwcol02","NO ROUTE!","","",""
"prafwcol02","NO ROUTE!","","",""
"prafwcol02","NO ROUTE!","","",""
"prafwcol02","NO ROUTE!","","",""
"prafwcol02","NO ROUTE!","","",""
"prafwcol02","NO ROUTE!","","",""
"prafwcol02","NO ROUTE!","","",""
"prafwcol02","NO ROUTE!","","",""
"prafwcol02","NO ROUTE!","","",""
"prafwcol02","NO ROUTE!","","",""
"prafwcol02","NO ROUTE!","","",""
"prafwcol02","NO ROUTE!","","",""
"prafwcol02","NO ROUTE!","","",""
"prafwcol02","NO ROUTE!","","",""
"prafwcol02","NO ROUTE!","","",""
"prafwcol02","NO ROUTE!","","",""
"prafwcol02","NO ROUTE!","","",""
"prafwcol02","NO ROUTE!","","",""
"prafwcol02","NO ROUTE!","","",""
"prafwcol02","NO ROUTE!","","",""
"prafwcol02","NO ROUTE!","","",""
"prafwcol02","NO ROUTE!","","",""
"prafwcol02","NO ROUTE!","","",""
"prafwcol02","NO ROUTE!","","",""
"prafwcol02","NO ROUTE!","","",""
"prafwcol02","NO ROUTE!","","",""
"prafwcol02","NO ROUTE!","","",""
"prafwcol02","NO ROUTE!","","",""
"prafwcol02","NO ROUTE!","","",""
"prafwcol02","NO ROUTE!","","",""
"prafwcol02","NO ROUTE!","","",""
"prafwcol02","NO ROUTE!","","",""
"prafwcol02","NO ROUTE!","","",""
"prafwcol02","NO ROUTE!","","",""
"prafwcol02","NO ROUTE!","","",""
"prafwcol02","NO ROUTE!","","",""
"prafwcol02","NO ROUTE!","","",""
"prafwcol02","NO ROUTE!","","",""
"prafwdmz01","NO ROUTE!","","",""
"prafwdmz01","NO ROUTE!","","",""
"prafwdmz01","NO ROUTE!","","",""
"prafwdmz01","NO ROUTE!","","",""
"prafwdmz01","NO ROUTE!","","",""
"prafwdmz01","NO ROUTE!","","",""
"prafwdmz01","NO ROUTE!","","",""
"prafwdmz01","NO ROUTE!","","",""
"prafwdmz01","NO ROUTE!","","",""
"prafwdmz01","NO ROUTE!","","",""
"prafwdmz01","NO ROUTE!","","",""
"prafwdmz01","NO ROUTE!","","",""
"prafwdmz01","NO ROUTE!","","",""
"prafwdmz01","NO ROUTE!","","",""
"prafwdmz01","NO ROUTE!","","",""
"prafwdmz01","NO ROUTE!","","",""
"prafwdmz01","NO ROUTE!","","",""
"prafwdmz01","NO ROUTE!","","",""
"prafwdmz01","NO ROUTE!","","",""
"prafwdmz01","NO ROUTE!","","",""
"prafwdmz01","NO ROUTE!","","",""
"prafwdmz01","NO ROUTE!","","",""
"prafwdmz01","NO ROUTE!","","",""
"prafwdmz01","NO ROUTE!","","",""
"prafwdmz01","NO ROUTE!","","",""
"prafwdmz01","NO ROUTE!","","",""
"prafwdmz01","NO ROUTE!","","",""
"prafwdmz01","NO ROUTE!","","",""
"prafwdmz01","NO ROUTE!","","",""
"prafwdmz01","NO ROUTE!","","",""
"prafwdmz01","NO ROUTE!","","",""
"prafwdmz01","NO ROUTE!","","",""
"prafwdmz01","NO ROUTE!","","",""
"prafwdmz01","NO ROUTE!","","",""
"prafwdmz01","NO ROUTE!","","",""
"prafwdmz01","NO ROUTE!","","",""
"prafwdmz01","NO ROUTE!","","",""
"prafwdmz01","NO ROUTE!","","",""
"prafwdmz01","NO ROUTE!","","",""
"prafwdmz01","NO ROUTE!","","",""
"prafwdmz01","NO ROUTE!","","",""
"prafwdmz01","NO ROUTE!","","",""
"prafwdmz01","NO ROUTE!","","",""
"prafwdmz01","NO ROUTE!","","",""
"prafwdmz01","NO ROUTE!","","",""
"prafwdmz01","NO ROUTE!","","",""
"prafwdmz01","NO ROUTE!","","",""
"prafwdmz01","NO ROUTE!","","",""
"prafwdmz01","NO ROUTE!","","",""
"prafwdmz01","NO ROUTE!","","",""
"prafwdmz01","NO ROUTE!","","",""
"prafwdmz02","NO ROUTE!","","",""
"prafwdmz02","NO ROUTE!","","",""
"prafwdmz02","NO ROUTE!","","",""
"prafwdmz02","NO ROUTE!","","",""
"prafwdmz02","NO ROUTE!","","",""
"prafwdmz02","NO ROUTE!","","",""
"prafwdmz02","NO ROUTE!","","",""
"prafwdmz02","NO ROUTE!","","",""
"prafwdmz02","NO ROUTE!","","",""
"prafwdmz02","NO ROUTE!","","",""
"prafwdmz02","NO ROUTE!","","",""
"prafwdmz02","NO ROUTE!","","",""
"prafwdmz02","NO ROUTE!","","",""
"prafwdmz02","NO ROUTE!","","",""
"prafwdmz02","NO ROUTE!","","",""
"prafwdmz02","NO ROUTE!","","",""
"prafwdmz02","NO ROUTE!","","",""
"prafwdmz02","NO ROUTE!","","",""
"prafwdmz02","NO ROUTE!","","",""
"prafwdmz02","NO ROUTE!","","",""
"prafwdmz02","NO ROUTE!","","",""
"prafwdmz02","NO ROUTE!","","",""
"prafwdmz02","NO ROUTE!","","",""
"prafwdmz02","NO ROUTE!","","",""
"prafwdmz02","NO ROUTE!","","",""
"prafwdmz02","NO ROUTE!","","",""
"prafwdmz02","NO ROUTE!","","",""
"prafwdmz02","NO ROUTE!","","",""
"prafwdmz02","NO ROUTE!","","",""
"prafwdmz02","NO ROUTE!","","",""
"prafwdmz02","NO ROUTE!","","",""
"prafwdmz02","NO ROUTE!","","",""
"prafwdmz02","NO ROUTE!","","",""
"prafwdmz02","NO ROUTE!","","",""
"prafwdmz02","NO ROUTE!","","",""
"prafwdmz02","NO ROUTE!","","",""
"prafwdmz02","NO ROUTE!","","",""
"prafwdmz02","NO ROUTE!","","",""
"prafwdmz02","NO ROUTE!","","",""
"prafwdmz02","NO ROUTE!","","",""
"prafwdmz02","NO ROUTE!","","",""
"prafwdmz02","NO ROUTE!","","",""
"prafwdmz02","NO ROUTE!","","",""
"prafwdmz02","NO ROUTE!","","",""
"prafwdmz02","NO ROUTE!","","",""
"prafwdmz02","NO ROUTE!","","",""
"prafwdmz02","NO ROUTE!","","",""
"prafwdmz02","NO ROUTE!","","",""
"prafwdmz02","NO ROUTE!","","",""
"prafwdmz02","NO ROUTE!","","",""
"prafwdmz02","NO ROUTE!","","",""
"pralbdzmms01","NO ROUTE!","","",""
"pralbdzmms01","NO ROUTE!","","",""
"pralbdzmms01","NO ROUTE!","","",""
"pralbdzmms01","NO ROUTE!","","",""
"pralbdzmms01","NO ROUTE!","","",""
"pralbdzmms01","NO ROUTE!","","",""
"pralbdzmms01","NO ROUTE!","","",""
"pralbdzmms01","NO ROUTE!","","",""
"pralbdzmms01","NO ROUTE!","","",""
"pralbdzmms01","NO ROUTE!","","",""
"pralbdzmms01","NO ROUTE!","","",""
"pralbdzmms01","NO ROUTE!","","",""
"pralbdzmms01","NO ROUTE!","","",""
"pralbdzmms01","NO ROUTE!","","",""
"pralbdzmms01","NO ROUTE!","","",""
"pralbdzmms01","NO ROUTE!","","",""
"pralbdzmms01","NO ROUTE!","","",""
"pralbdzmms01","NO ROUTE!","","",""
"pralbdzmms01","NO ROUTE!","","",""
"pralbdzmms01","NO ROUTE!","","",""
"pralbdzmms01","NO ROUTE!","","",""
"pralbdzmms01","NO ROUTE!","","",""
"pralbdzmms01","NO ROUTE!","","",""
"pralbdzmms01","NO ROUTE!","","",""
"pralbdzmms01","NO ROUTE!","","",""
"pralbdzmms01","NO ROUTE!","","",""
"pralbdzmms01","NO ROUTE!","","",""
"pralbdzmms01","NO ROUTE!","","",""
"pralbdzmms01","NO ROUTE!","","",""
"pralbdzmms01","NO ROUTE!","","",""
"pralbdzmms01","NO ROUTE!","","",""
"pralbdzmms01","NO ROUTE!","","",""
"pralbdzmms01","NO ROUTE!","","",""
"pralbdzmms01","NO ROUTE!","","",""
"pralbdzmms01","NO ROUTE!","","",""
"pralbdzmms01","NO ROUTE!","","",""
"pralbdzmms01","NO ROUTE!","","",""
"pralbdzmms01","NO ROUTE!","","",""
"pralbdzmms01","NO ROUTE!","","",""
"pralbdzmms01","NO ROUTE!","","",""
"pralbdzmms01","NO ROUTE!","","",""
"pralbdzmms01","NO ROUTE!","","",""
"pralbdzmms01","NO ROUTE!","","",""
"pralbdzmms01","NO ROUTE!","","",""
"pralbdzmms01","NO ROUTE!","","",""
"pralbdzmms01","NO ROUTE!","","",""
"pralbdzmms01","NO ROUTE!","","",""
"pralbdzmms01","NO ROUTE!","","",""
"pralbdzmms01","NO ROUTE!","","",""
"pralbdzmms01","NO ROUTE!","","",""
"pralbdzmms01","NO ROUTE!","","",""
"pralbdzmms02","NO ROUTE!","","",""
"pralbdzmms02","NO ROUTE!","","",""
"pralbdzmms02","NO ROUTE!","","",""
"pralbdzmms02","NO ROUTE!","","",""
"pralbdzmms02","NO ROUTE!","","",""
"pralbdzmms02","NO ROUTE!","","",""
"pralbdzmms02","NO ROUTE!","","",""
"pralbdzmms02","NO ROUTE!","","",""
"pralbdzmms02","NO ROUTE!","","",""
"pralbdzmms02","NO ROUTE!","","",""
"pralbdzmms02","NO ROUTE!","","",""
"pralbdzmms02","NO ROUTE!","","",""
"pralbdzmms02","NO ROUTE!","","",""
"pralbdzmms02","NO ROUTE!","","",""
"pralbdzmms02","NO ROUTE!","","",""
"pralbdzmms02","NO ROUTE!","","",""
"pralbdzmms02","NO ROUTE!","","",""
"pralbdzmms02","NO ROUTE!","","",""
"pralbdzmms02","NO ROUTE!","","",""
"pralbdzmms02","NO ROUTE!","","",""
"pralbdzmms02","NO ROUTE!","","",""
"pralbdzmms02","NO ROUTE!","","",""
"pralbdzmms02","NO ROUTE!","","",""
"pralbdzmms02","NO ROUTE!","","",""
"pralbdzmms02","NO ROUTE!","","",""
"pralbdzmms02","NO ROUTE!","","",""
"pralbdzmms02","NO ROUTE!","","",""
"pralbdzmms02","NO ROUTE!","","",""
"pralbdzmms02","NO ROUTE!","","",""
"pralbdzmms02","NO ROUTE!","","",""
"pralbdzmms02","NO ROUTE!","","",""
"pralbdzmms02","NO ROUTE!","","",""
"pralbdzmms02","NO ROUTE!","","",""
"pralbdzmms02","NO ROUTE!","","",""
"pralbdzmms02","NO ROUTE!","","",""
"pralbdzmms02","NO ROUTE!","","",""
"pralbdzmms02","NO ROUTE!","","",""
"pralbdzmms02","NO ROUTE!","","",""
"pralbdzmms02","NO ROUTE!","","",""
"pralbdzmms02","NO ROUTE!","","",""
"pralbdzmms02","NO ROUTE!","","",""
"pralbdzmms02","NO ROUTE!","","",""
"pralbdzmms02","NO ROUTE!","","",""
"pralbdzmms02","NO ROUTE!","","",""
"pralbdzmms02","NO ROUTE!","","",""
"pralbdzmms02","NO ROUTE!","","",""
"pralbdzmms02","NO ROUTE!","","",""
"pralbdzmms02","NO ROUTE!","","",""
"pralbdzmms02","NO ROUTE!","","",""
"pralbdzmms02","NO ROUTE!","","",""
"pralbdzmms02","NO ROUTE!","","",""
"pralbecds01","NO ROUTE!","","",""
"pralbecds01","NO ROUTE!","","",""
"pralbecds01","NO ROUTE!","","",""
"pralbecds01","NO ROUTE!","","",""
"pralbecds01","NO ROUTE!","","",""
"pralbecds01","NO ROUTE!","","",""
"pralbecds01","NO ROUTE!","","",""
"pralbecds01","NO ROUTE!","","",""
"pralbecds01","NO ROUTE!","","",""
"pralbecds01","NO ROUTE!","","",""
"pralbecds01","NO ROUTE!","","",""
"pralbecds01","NO ROUTE!","","",""
"pralbecds01","NO ROUTE!","","",""
"pralbecds01","NO ROUTE!","","",""
"pralbecds01","NO ROUTE!","","",""
"pralbecds01","NO ROUTE!","","",""
"pralbecds01","NO ROUTE!","","",""
"pralbecds01","NO ROUTE!","","",""
"pralbecds01","NO ROUTE!","","",""
"pralbecds01","NO ROUTE!","","",""
"pralbecds01","NO ROUTE!","","",""
"pralbecds01","NO ROUTE!","","",""
"pralbecds01","NO ROUTE!","","",""
"pralbecds01","NO ROUTE!","","",""
"pralbecds01","NO ROUTE!","","",""
"pralbecds01","NO ROUTE!","","",""
"pralbecds01","NO ROUTE!","","",""
"pralbecds01","NO ROUTE!","","",""
"pralbecds01","NO ROUTE!","","",""
"pralbecds01","NO ROUTE!","","",""
"pralbecds01","NO ROUTE!","","",""
"pralbecds01","NO ROUTE!","","",""
"pralbecds01","NO ROUTE!","","",""
"pralbecds01","NO ROUTE!","","",""
"pralbecds01","NO ROUTE!","","",""
"pralbecds01","NO ROUTE!","","",""
"pralbecds01","NO ROUTE!","","",""
"pralbecds01","NO ROUTE!","","",""
"pralbecds01","NO ROUTE!","","",""
"pralbecds01","NO ROUTE!","","",""
"pralbecds01","NO ROUTE!","","",""
"pralbecds01","NO ROUTE!","","",""
"pralbecds01","NO ROUTE!","","",""
"pralbecds01","NO ROUTE!","","",""
"pralbecds01","NO ROUTE!","","",""
"pralbecds01","NO ROUTE!","","",""
"pralbecds01","NO ROUTE!","","",""
"pralbecds01","NO ROUTE!","","",""
"pralbecds01","NO ROUTE!","","",""
"pralbecds01","NO ROUTE!","","",""
"pralbecds01","NO ROUTE!","","",""
"pralbecds02","NO ROUTE!","","",""
"pralbecds02","NO ROUTE!","","",""
"pralbecds02","NO ROUTE!","","",""
"pralbecds02","NO ROUTE!","","",""
"pralbecds02","NO ROUTE!","","",""
"pralbecds02","NO ROUTE!","","",""
"pralbecds02","NO ROUTE!","","",""
"pralbecds02","NO ROUTE!","","",""
"pralbecds02","NO ROUTE!","","",""
"pralbecds02","NO ROUTE!","","",""
"pralbecds02","NO ROUTE!","","",""
"pralbecds02","NO ROUTE!","","",""
"pralbecds02","NO ROUTE!","","",""
"pralbecds02","NO ROUTE!","","",""
"pralbecds02","NO ROUTE!","","",""
"pralbecds02","NO ROUTE!","","",""
"pralbecds02","NO ROUTE!","","",""
"pralbecds02","NO ROUTE!","","",""
"pralbecds02","NO ROUTE!","","",""
"pralbecds02","NO ROUTE!","","",""
"pralbecds02","NO ROUTE!","","",""
"pralbecds02","NO ROUTE!","","",""
"pralbecds02","NO ROUTE!","","",""
"pralbecds02","NO ROUTE!","","",""
"pralbecds02","NO ROUTE!","","",""
"pralbecds02","NO ROUTE!","","",""
"pralbecds02","NO ROUTE!","","",""
"pralbecds02","NO ROUTE!","","",""
"pralbecds02","NO ROUTE!","","",""
"pralbecds02","NO ROUTE!","","",""
"pralbecds02","NO ROUTE!","","",""
"pralbecds02","NO ROUTE!","","",""
"pralbecds02","NO ROUTE!","","",""
"pralbecds02","NO ROUTE!","","",""
"pralbecds02","NO ROUTE!","","",""
"pralbecds02","NO ROUTE!","","",""
"pralbecds02","NO ROUTE!","","",""
"pralbecds02","NO ROUTE!","","",""
"pralbecds02","NO ROUTE!","","",""
"pralbecds02","NO ROUTE!","","",""
"pralbecds02","NO ROUTE!","","",""
"pralbecds02","NO ROUTE!","","",""
"pralbecds02","NO ROUTE!","","",""
"pralbecds02","NO ROUTE!","","",""
"pralbecds02","NO ROUTE!","","",""
"pralbecds02","NO ROUTE!","","",""
"pralbecds02","NO ROUTE!","","",""
"pralbecds02","NO ROUTE!","","",""
"pralbecds02","NO ROUTE!","","",""
"pralbecds02","NO ROUTE!","","",""
"pralbecds02","NO ROUTE!","","",""
"pralbmo101","NO ROUTE!","","",""
"pralbmo101","NO ROUTE!","","",""
"pralbmo101","NO ROUTE!","","",""
"pralbmo101","NO ROUTE!","","",""
"pralbmo101","NO ROUTE!","","",""
"pralbmo101","NO ROUTE!","","",""
"pralbmo101","NO ROUTE!","","",""
"pralbmo101","NO ROUTE!","","",""
"pralbmo101","NO ROUTE!","","",""
"pralbmo101","NO ROUTE!","","",""
"pralbmo101","NO ROUTE!","","",""
"pralbmo101","NO ROUTE!","","",""
"pralbmo101","NO ROUTE!","","",""
"pralbmo101","NO ROUTE!","","",""
"pralbmo101","NO ROUTE!","","",""
"pralbmo101","NO ROUTE!","","",""
"pralbmo101","NO ROUTE!","","",""
"pralbmo101","NO ROUTE!","","",""
"pralbmo101","NO ROUTE!","","",""
"pralbmo101","NO ROUTE!","","",""
"pralbmo101","NO ROUTE!","","",""
"pralbmo101","NO ROUTE!","","",""
"pralbmo101","NO ROUTE!","","",""
"pralbmo101","NO ROUTE!","","",""
"pralbmo101","NO ROUTE!","","",""
"pralbmo101","NO ROUTE!","","",""
"pralbmo101","NO ROUTE!","","",""
"pralbmo101","NO ROUTE!","","",""
"pralbmo101","NO ROUTE!","","",""
"pralbmo101","NO ROUTE!","","",""
"pralbmo101","NO ROUTE!","","",""
"pralbmo101","NO ROUTE!","","",""
"pralbmo101","NO ROUTE!","","",""
"pralbmo101","NO ROUTE!","","",""
"pralbmo101","NO ROUTE!","","",""
"pralbmo101","NO ROUTE!","","",""
"pralbmo101","NO ROUTE!","","",""
"pralbmo101","NO ROUTE!","","",""
"pralbmo101","NO ROUTE!","","",""
"pralbmo101","NO ROUTE!","","",""
"pralbmo101","NO ROUTE!","","",""
"pralbmo101","NO ROUTE!","","",""
"pralbmo101","NO ROUTE!","","",""
"pralbmo101","NO ROUTE!","","",""
"pralbmo101","NO ROUTE!","","",""
"pralbmo101","NO ROUTE!","","",""
"pralbmo101","NO ROUTE!","","",""
"pralbmo101","NO ROUTE!","","",""
"pralbmo101","NO ROUTE!","","",""
"pralbmo101","NO ROUTE!","","",""
"pralbmo101","NO ROUTE!","","",""
"pralbmo102","NO ROUTE!","","",""
"pralbmo102","NO ROUTE!","","",""
"pralbmo102","NO ROUTE!","","",""
"pralbmo102","NO ROUTE!","","",""
"pralbmo102","NO ROUTE!","","",""
"pralbmo102","NO ROUTE!","","",""
"pralbmo102","NO ROUTE!","","",""
"pralbmo102","NO ROUTE!","","",""
"pralbmo102","NO ROUTE!","","",""
"pralbmo102","NO ROUTE!","","",""
"pralbmo102","NO ROUTE!","","",""
"pralbmo102","NO ROUTE!","","",""
"pralbmo102","NO ROUTE!","","",""
"pralbmo102","NO ROUTE!","","",""
"pralbmo102","NO ROUTE!","","",""
"pralbmo102","NO ROUTE!","","",""
"pralbmo102","NO ROUTE!","","",""
"pralbmo102","NO ROUTE!","","",""
"pralbmo102","NO ROUTE!","","",""
"pralbmo102","NO ROUTE!","","",""
"pralbmo102","NO ROUTE!","","",""
"pralbmo102","NO ROUTE!","","",""
"pralbmo102","NO ROUTE!","","",""
"pralbmo102","NO ROUTE!","","",""
"pralbmo102","NO ROUTE!","","",""
"pralbmo102","NO ROUTE!","","",""
"pralbmo102","NO ROUTE!","","",""
"pralbmo102","NO ROUTE!","","",""
"pralbmo102","NO ROUTE!","","",""
"pralbmo102","NO ROUTE!","","",""
"pralbmo102","NO ROUTE!","","",""
"pralbmo102","NO ROUTE!","","",""
"pralbmo102","NO ROUTE!","","",""
"pralbmo102","NO ROUTE!","","",""
"pralbmo102","NO ROUTE!","","",""
"pralbmo102","NO ROUTE!","","",""
"pralbmo102","NO ROUTE!","","",""
"pralbmo102","NO ROUTE!","","",""
"pralbmo102","NO ROUTE!","","",""
"pralbmo102","NO ROUTE!","","",""
"pralbmo102","NO ROUTE!","","",""
"pralbmo102","NO ROUTE!","","",""
"pralbmo102","NO ROUTE!","","",""
"pralbmo102","NO ROUTE!","","",""
"pralbmo102","NO ROUTE!","","",""
"pralbmo102","NO ROUTE!","","",""
"pralbmo102","NO ROUTE!","","",""
"pralbmo102","NO ROUTE!","","",""
"pralbmo102","NO ROUTE!","","",""
"pralbmo102","NO ROUTE!","","",""
"pralbmo102","NO ROUTE!","","",""
"pralbmo201","NO ROUTE!","","",""
"pralbmo201","NO ROUTE!","","",""
"pralbmo201","NO ROUTE!","","",""
"pralbmo201","NO ROUTE!","","",""
"pralbmo201","NO ROUTE!","","",""
"pralbmo201","NO ROUTE!","","",""
"pralbmo201","NO ROUTE!","","",""
"pralbmo201","NO ROUTE!","","",""
"pralbmo201","NO ROUTE!","","",""
"pralbmo201","NO ROUTE!","","",""
"pralbmo201","NO ROUTE!","","",""
"pralbmo201","NO ROUTE!","","",""
"pralbmo201","NO ROUTE!","","",""
"pralbmo201","NO ROUTE!","","",""
"pralbmo201","NO ROUTE!","","",""
"pralbmo201","NO ROUTE!","","",""
"pralbmo201","NO ROUTE!","","",""
"pralbmo201","NO ROUTE!","","",""
"pralbmo201","NO ROUTE!","","",""
"pralbmo201","NO ROUTE!","","",""
"pralbmo201","NO ROUTE!","","",""
"pralbmo201","NO ROUTE!","","",""
"pralbmo201","NO ROUTE!","","",""
"pralbmo201","NO ROUTE!","","",""
"pralbmo201","NO ROUTE!","","",""
"pralbmo201","NO ROUTE!","","",""
"pralbmo201","NO ROUTE!","","",""
"pralbmo201","NO ROUTE!","","",""
"pralbmo201","NO ROUTE!","","",""
"pralbmo201","NO ROUTE!","","",""
"pralbmo201","NO ROUTE!","","",""
"pralbmo201","NO ROUTE!","","",""
"pralbmo201","NO ROUTE!","","",""
"pralbmo201","NO ROUTE!","","",""
"pralbmo201","NO ROUTE!","","",""
"pralbmo201","NO ROUTE!","","",""
"pralbmo201","NO ROUTE!","","",""
"pralbmo201","NO ROUTE!","","",""
"pralbmo201","NO ROUTE!","","",""
"pralbmo201","NO ROUTE!","","",""
"pralbmo201","NO ROUTE!","","",""
"pralbmo201","NO ROUTE!","","",""
"pralbmo201","NO ROUTE!","","",""
"pralbmo201","NO ROUTE!","","",""
"pralbmo201","NO ROUTE!","","",""
"pralbmo201","NO ROUTE!","","",""
"pralbmo201","NO ROUTE!","","",""
"pralbmo201","NO ROUTE!","","",""
"pralbmo201","NO ROUTE!","","",""
"pralbmo201","NO ROUTE!","","",""
"pralbmo201","NO ROUTE!","","",""
"pralbmo202","NO ROUTE!","","",""
"pralbmo202","NO ROUTE!","","",""
"pralbmo202","NO ROUTE!","","",""
"pralbmo202","NO ROUTE!","","",""
"pralbmo202","NO ROUTE!","","",""
"pralbmo202","NO ROUTE!","","",""
"pralbmo202","NO ROUTE!","","",""
"pralbmo202","NO ROUTE!","","",""
"pralbmo202","NO ROUTE!","","",""
"pralbmo202","NO ROUTE!","","",""
"pralbmo202","NO ROUTE!","","",""
"pralbmo202","NO ROUTE!","","",""
"pralbmo202","NO ROUTE!","","",""
"pralbmo202","NO ROUTE!","","",""
"pralbmo202","NO ROUTE!","","",""
"pralbmo202","NO ROUTE!","","",""
"pralbmo202","NO ROUTE!","","",""
"pralbmo202","NO ROUTE!","","",""
"pralbmo202","NO ROUTE!","","",""
"pralbmo202","NO ROUTE!","","",""
"pralbmo202","NO ROUTE!","","",""
"pralbmo202","NO ROUTE!","","",""
"pralbmo202","NO ROUTE!","","",""
"pralbmo202","NO ROUTE!","","",""
"pralbmo202","NO ROUTE!","","",""
"pralbmo202","NO ROUTE!","","",""
"pralbmo202","NO ROUTE!","","",""
"pralbmo202","NO ROUTE!","","",""
"pralbmo202","NO ROUTE!","","",""
"pralbmo202","NO ROUTE!","","",""
"pralbmo202","NO ROUTE!","","",""
"pralbmo202","NO ROUTE!","","",""
"pralbmo202","NO ROUTE!","","",""
"pralbmo202","NO ROUTE!","","",""
"pralbmo202","NO ROUTE!","","",""
"pralbmo202","NO ROUTE!","","",""
"pralbmo202","NO ROUTE!","","",""
"pralbmo202","NO ROUTE!","","",""
"pralbmo202","NO ROUTE!","","",""
"pralbmo202","NO ROUTE!","","",""
"pralbmo202","NO ROUTE!","","",""
"pralbmo202","NO ROUTE!","","",""
"pralbmo202","NO ROUTE!","","",""
"pralbmo202","NO ROUTE!","","",""
"pralbmo202","NO ROUTE!","","",""
"pralbmo202","NO ROUTE!","","",""
"pralbmo202","NO ROUTE!","","",""
"pralbmo202","NO ROUTE!","","",""
"pralbmo202","NO ROUTE!","","",""
"pralbmo202","NO ROUTE!","","",""
"pralbmo202","NO ROUTE!","","",""
"pralbmo401","NO ROUTE!","","",""
"pralbmo401","NO ROUTE!","","",""
"pralbmo401","NO ROUTE!","","",""
"pralbmo401","NO ROUTE!","","",""
"pralbmo401","NO ROUTE!","","",""
"pralbmo401","NO ROUTE!","","",""
"pralbmo401","NO ROUTE!","","",""
"pralbmo401","NO ROUTE!","","",""
"pralbmo401","NO ROUTE!","","",""
"pralbmo401","NO ROUTE!","","",""
"pralbmo401","NO ROUTE!","","",""
"pralbmo401","NO ROUTE!","","",""
"pralbmo401","NO ROUTE!","","",""
"pralbmo401","NO ROUTE!","","",""
"pralbmo401","NO ROUTE!","","",""
"pralbmo401","NO ROUTE!","","",""
"pralbmo401","NO ROUTE!","","",""
"pralbmo401","NO ROUTE!","","",""
"pralbmo401","NO ROUTE!","","",""
"pralbmo401","NO ROUTE!","","",""
"pralbmo401","NO ROUTE!","","",""
"pralbmo401","NO ROUTE!","","",""
"pralbmo401","NO ROUTE!","","",""
"pralbmo401","NO ROUTE!","","",""
"pralbmo401","NO ROUTE!","","",""
"pralbmo401","NO ROUTE!","","",""
"pralbmo401","NO ROUTE!","","",""
"pralbmo401","NO ROUTE!","","",""
"pralbmo401","NO ROUTE!","","",""
"pralbmo401","NO ROUTE!","","",""
"pralbmo401","NO ROUTE!","","",""
"pralbmo401","NO ROUTE!","","",""
"pralbmo401","NO ROUTE!","","",""
"pralbmo401","NO ROUTE!","","",""
"pralbmo401","NO ROUTE!","","",""
"pralbmo401","NO ROUTE!","","",""
"pralbmo401","NO ROUTE!","","",""
"pralbmo401","NO ROUTE!","","",""
"pralbmo401","NO ROUTE!","","",""
"pralbmo401","NO ROUTE!","","",""
"pralbmo401","NO ROUTE!","","",""
"pralbmo401","NO ROUTE!","","",""
"pralbmo401","NO ROUTE!","","",""
"pralbmo401","NO ROUTE!","","",""
"pralbmo401","NO ROUTE!","","",""
"pralbmo401","NO ROUTE!","","",""
"pralbmo401","NO ROUTE!","","",""
"pralbmo401","NO ROUTE!","","",""
"pralbmo401","NO ROUTE!","","",""
"pralbmo401","NO ROUTE!","","",""
"pralbmo401","NO ROUTE!","","",""
"pralbmo402","NO ROUTE!","","",""
"pralbmo402","NO ROUTE!","","",""
"pralbmo402","NO ROUTE!","","",""
"pralbmo402","NO ROUTE!","","",""
"pralbmo402","NO ROUTE!","","",""
"pralbmo402","NO ROUTE!","","",""
"pralbmo402","NO ROUTE!","","",""
"pralbmo402","NO ROUTE!","","",""
"pralbmo402","NO ROUTE!","","",""
"pralbmo402","NO ROUTE!","","",""
"pralbmo402","NO ROUTE!","","",""
"pralbmo402","NO ROUTE!","","",""
"pralbmo402","NO ROUTE!","","",""
"pralbmo402","NO ROUTE!","","",""
"pralbmo402","NO ROUTE!","","",""
"pralbmo402","NO ROUTE!","","",""
"pralbmo402","NO ROUTE!","","",""
"pralbmo402","NO ROUTE!","","",""
"pralbmo402","NO ROUTE!","","",""
"pralbmo402","NO ROUTE!","","",""
"pralbmo402","NO ROUTE!","","",""
"pralbmo402","NO ROUTE!","","",""
"pralbmo402","NO ROUTE!","","",""
"pralbmo402","NO ROUTE!","","",""
"pralbmo402","NO ROUTE!","","",""
"pralbmo402","NO ROUTE!","","",""
"pralbmo402","NO ROUTE!","","",""
"pralbmo402","NO ROUTE!","","",""
"pralbmo402","NO ROUTE!","","",""
"pralbmo402","NO ROUTE!","","",""
"pralbmo402","NO ROUTE!","","",""
"pralbmo402","NO ROUTE!","","",""
"pralbmo402","NO ROUTE!","","",""
"pralbmo402","NO ROUTE!","","",""
"pralbmo402","NO ROUTE!","","",""
"pralbmo402","NO ROUTE!","","",""
"pralbmo402","NO ROUTE!","","",""
"pralbmo402","NO ROUTE!","","",""
"pralbmo402","NO ROUTE!","","",""
"pralbmo402","NO ROUTE!","","",""
"pralbmo402","NO ROUTE!","","",""
"pralbmo402","NO ROUTE!","","",""
"pralbmo402","NO ROUTE!","","",""
"pralbmo402","NO ROUTE!","","",""
"pralbmo402","NO ROUTE!","","",""
"pralbmo402","NO ROUTE!","","",""
"pralbmo402","NO ROUTE!","","",""
"pralbmo402","NO ROUTE!","","",""
"pralbmo402","NO ROUTE!","","",""
"pralbmo402","NO ROUTE!","","",""
"pralbmo402","NO ROUTE!","","",""
"pralbmomms01","NO ROUTE!","","",""
"pralbmomms01","NO ROUTE!","","",""
"pralbmomms01","NO ROUTE!","","",""
"pralbmomms01","NO ROUTE!","","",""
"pralbmomms01","NO ROUTE!","","",""
"pralbmomms01","NO ROUTE!","","",""
"pralbmomms01","NO ROUTE!","","",""
"pralbmomms01","NO ROUTE!","","",""
"pralbmomms01","NO ROUTE!","","",""
"pralbmomms01","NO ROUTE!","","",""
"pralbmomms01","NO ROUTE!","","",""
"pralbmomms01","NO ROUTE!","","",""
"pralbmomms01","NO ROUTE!","","",""
"pralbmomms01","NO ROUTE!","","",""
"pralbmomms01","NO ROUTE!","","",""
"pralbmomms01","NO ROUTE!","","",""
"pralbmomms01","NO ROUTE!","","",""
"pralbmomms01","NO ROUTE!","","",""
"pralbmomms01","NO ROUTE!","","",""
"pralbmomms01","NO ROUTE!","","",""
"pralbmomms01","NO ROUTE!","","",""
"pralbmomms01","NO ROUTE!","","",""
"pralbmomms01","NO ROUTE!","","",""
"pralbmomms01","NO ROUTE!","","",""
"pralbmomms01","NO ROUTE!","","",""
"pralbmomms01","NO ROUTE!","","",""
"pralbmomms01","NO ROUTE!","","",""
"pralbmomms01","NO ROUTE!","","",""
"pralbmomms01","NO ROUTE!","","",""
"pralbmomms01","NO ROUTE!","","",""
"pralbmomms01","NO ROUTE!","","",""
"pralbmomms01","NO ROUTE!","","",""
"pralbmomms01","NO ROUTE!","","",""
"pralbmomms01","NO ROUTE!","","",""
"pralbmomms01","NO ROUTE!","","",""
"pralbmomms01","NO ROUTE!","","",""
"pralbmomms01","NO ROUTE!","","",""
"pralbmomms01","NO ROUTE!","","",""
"pralbmomms01","NO ROUTE!","","",""
"pralbmomms01","NO ROUTE!","","",""
"pralbmomms01","NO ROUTE!","","",""
"pralbmomms01","NO ROUTE!","","",""
"pralbmomms01","NO ROUTE!","","",""
"pralbmomms01","NO ROUTE!","","",""
"pralbmomms01","NO ROUTE!","","",""
"pralbmomms01","NO ROUTE!","","",""
"pralbmomms01","NO ROUTE!","","",""
"pralbmomms01","NO ROUTE!","","",""
"pralbmomms01","NO ROUTE!","","",""
"pralbmomms01","NO ROUTE!","","",""
"pralbmomms01","NO ROUTE!","","",""
"pralbmomms02","NO ROUTE!","","",""
"pralbmomms02","NO ROUTE!","","",""
"pralbmomms02","NO ROUTE!","","",""
"pralbmomms02","NO ROUTE!","","",""
"pralbmomms02","NO ROUTE!","","",""
"pralbmomms02","NO ROUTE!","","",""
"pralbmomms02","NO ROUTE!","","",""
"pralbmomms02","NO ROUTE!","","",""
"pralbmomms02","NO ROUTE!","","",""
"pralbmomms02","NO ROUTE!","","",""
"pralbmomms02","NO ROUTE!","","",""
"pralbmomms02","NO ROUTE!","","",""
"pralbmomms02","NO ROUTE!","","",""
"pralbmomms02","NO ROUTE!","","",""
"pralbmomms02","NO ROUTE!","","",""
"pralbmomms02","NO ROUTE!","","",""
"pralbmomms02","NO ROUTE!","","",""
"pralbmomms02","NO ROUTE!","","",""
"pralbmomms02","NO ROUTE!","","",""
"pralbmomms02","NO ROUTE!","","",""
"pralbmomms02","NO ROUTE!","","",""
"pralbmomms02","NO ROUTE!","","",""
"pralbmomms02","NO ROUTE!","","",""
"pralbmomms02","NO ROUTE!","","",""
"pralbmomms02","NO ROUTE!","","",""
"pralbmomms02","NO ROUTE!","","",""
"pralbmomms02","NO ROUTE!","","",""
"pralbmomms02","NO ROUTE!","","",""
"pralbmomms02","NO ROUTE!","","",""
"pralbmomms02","NO ROUTE!","","",""
"pralbmomms02","NO ROUTE!","","",""
"pralbmomms02","NO ROUTE!","","",""
"pralbmomms02","NO ROUTE!","","",""
"pralbmomms02","NO ROUTE!","","",""
"pralbmomms02","NO ROUTE!","","",""
"pralbmomms02","NO ROUTE!","","",""
"pralbmomms02","NO ROUTE!","","",""
"pralbmomms02","NO ROUTE!","","",""
"pralbmomms02","NO ROUTE!","","",""
"pralbmomms02","NO ROUTE!","","",""
"pralbmomms02","NO ROUTE!","","",""
"pralbmomms02","NO ROUTE!","","",""
"pralbmomms02","NO ROUTE!","","",""
"pralbmomms02","NO ROUTE!","","",""
"pralbmomms02","NO ROUTE!","","",""
"pralbmomms02","NO ROUTE!","","",""
"pralbmomms02","NO ROUTE!","","",""
"pralbmomms02","NO ROUTE!","","",""
"pralbmomms02","NO ROUTE!","","",""
"pralbmomms02","NO ROUTE!","","",""
"pralbmomms02","NO ROUTE!","","",""
"prapxdzc01","NO ROUTE!","","",""
"prapxdzc01","NO ROUTE!","","",""
"prapxdzc01","NO ROUTE!","","",""
"prapxdzc01","NO ROUTE!","","",""
"prapxdzc01","NO ROUTE!","","",""
"prapxdzc01","NO ROUTE!","","",""
"prapxdzc01","NO ROUTE!","","",""
"prapxdzc01","NO ROUTE!","","",""
"prapxdzc01","NO ROUTE!","","",""
"prapxdzc01","NO ROUTE!","","",""
"prapxdzc01","NO ROUTE!","","",""
"prapxdzc01","NO ROUTE!","","",""
"prapxdzc01","NO ROUTE!","","",""
"prapxdzc01","NO ROUTE!","","",""
"prapxdzc01","NO ROUTE!","","",""
"prapxdzc01","NO ROUTE!","","",""
"prapxdzc01","NO ROUTE!","","",""
"prapxdzc01","NO ROUTE!","","",""
"prapxdzc01","NO ROUTE!","","",""
"prapxdzc01","NO ROUTE!","","",""
"prapxdzc01","NO ROUTE!","","",""
"prapxdzc01","NO ROUTE!","","",""
"prapxdzc01","NO ROUTE!","","",""
"prapxdzc01","NO ROUTE!","","",""
"prapxdzc01","NO ROUTE!","","",""
"prapxdzc01","NO ROUTE!","","",""
"prapxdzc01","NO ROUTE!","","",""
"prapxdzc01","NO ROUTE!","","",""
"prapxdzc01","NO ROUTE!","","",""
"prapxdzc01","NO ROUTE!","","",""
"prapxdzc01","NO ROUTE!","","",""
"prapxdzc01","NO ROUTE!","","",""
"prapxdzc01","NO ROUTE!","","",""
"prapxdzc01","NO ROUTE!","","",""
"prapxdzc01","NO ROUTE!","","",""
"prapxdzc01","NO ROUTE!","","",""
"prapxdzc01","NO ROUTE!","","",""
"prapxdzc01","NO ROUTE!","","",""
"prapxdzc01","NO ROUTE!","","",""
"prapxdzc01","NO ROUTE!","","",""
"prapxdzc01","NO ROUTE!","","",""
"prapxdzc01","NO ROUTE!","","",""
"prapxdzc01","NO ROUTE!","","",""
"prapxdzc01","NO ROUTE!","","",""
"prapxdzc01","NO ROUTE!","","",""
"prapxdzc01","NO ROUTE!","","",""
"prapxdzc01","NO ROUTE!","","",""
"prapxdzc01","NO ROUTE!","","",""
"prapxdzc01","NO ROUTE!","","",""
"prapxdzc01","NO ROUTE!","","",""
"prapxdzc01","NO ROUTE!","","",""
"prapxdzc02","NO ROUTE!","","",""
"prapxdzc02","NO ROUTE!","","",""
"prapxdzc02","NO ROUTE!","","",""
"prapxdzc02","NO ROUTE!","","",""
"prapxdzc02","NO ROUTE!","","",""
"prapxdzc02","NO ROUTE!","","",""
"prapxdzc02","NO ROUTE!","","",""
"prapxdzc02","NO ROUTE!","","",""
"prapxdzc02","NO ROUTE!","","",""
"prapxdzc02","NO ROUTE!","","",""
"prapxdzc02","NO ROUTE!","","",""
"prapxdzc02","NO ROUTE!","","",""
"prapxdzc02","NO ROUTE!","","",""
"prapxdzc02","NO ROUTE!","","",""
"prapxdzc02","NO ROUTE!","","",""
"prapxdzc02","NO ROUTE!","","",""
"prapxdzc02","NO ROUTE!","","",""
"prapxdzc02","NO ROUTE!","","",""
"prapxdzc02","NO ROUTE!","","",""
"prapxdzc02","NO ROUTE!","","",""
"prapxdzc02","NO ROUTE!","","",""
"prapxdzc02","NO ROUTE!","","",""
"prapxdzc02","NO ROUTE!","","",""
"prapxdzc02","NO ROUTE!","","",""
"prapxdzc02","NO ROUTE!","","",""
"prapxdzc02","NO ROUTE!","","",""
"prapxdzc02","NO ROUTE!","","",""
"prapxdzc02","NO ROUTE!","","",""
"prapxdzc02","NO ROUTE!","","",""
"prapxdzc02","NO ROUTE!","","",""
"prapxdzc02","NO ROUTE!","","",""
"prapxdzc02","NO ROUTE!","","",""
"prapxdzc02","NO ROUTE!","","",""
"prapxdzc02","NO ROUTE!","","",""
"prapxdzc02","NO ROUTE!","","",""
"prapxdzc02","NO ROUTE!","","",""
"prapxdzc02","NO ROUTE!","","",""
"prapxdzc02","NO ROUTE!","","",""
"prapxdzc02","NO ROUTE!","","",""
"prapxdzc02","NO ROUTE!","","",""
"prapxdzc02","NO ROUTE!","","",""
"prapxdzc02","NO ROUTE!","","",""
"prapxdzc02","NO ROUTE!","","",""
"prapxdzc02","NO ROUTE!","","",""
"prapxdzc02","NO ROUTE!","","",""
"prapxdzc02","NO ROUTE!","","",""
"prapxdzc02","NO ROUTE!","","",""
"prapxdzc02","NO ROUTE!","","",""
"prapxdzc02","NO ROUTE!","","",""
"prapxdzc02","NO ROUTE!","","",""
"prapxdzc02","NO ROUTE!","","",""
"prapxdzc03","NO ROUTE!","","",""
"prapxdzc03","NO ROUTE!","","",""
"prapxdzc03","NO ROUTE!","","",""
"prapxdzc03","NO ROUTE!","","",""
"prapxdzc03","NO ROUTE!","","",""
"prapxdzc03","NO ROUTE!","","",""
"prapxdzc03","NO ROUTE!","","",""
"prapxdzc03","NO ROUTE!","","",""
"prapxdzc03","NO ROUTE!","","",""
"prapxdzc03","NO ROUTE!","","",""
"prapxdzc03","NO ROUTE!","","",""
"prapxdzc03","NO ROUTE!","","",""
"prapxdzc03","NO ROUTE!","","",""
"prapxdzc03","NO ROUTE!","","",""
"prapxdzc03","NO ROUTE!","","",""
"prapxdzc03","NO ROUTE!","","",""
"prapxdzc03","NO ROUTE!","","",""
"prapxdzc03","NO ROUTE!","","",""
"prapxdzc03","NO ROUTE!","","",""
"prapxdzc03","NO ROUTE!","","",""
"prapxdzc03","NO ROUTE!","","",""
"prapxdzc03","NO ROUTE!","","",""
"prapxdzc03","NO ROUTE!","","",""
"prapxdzc03","NO ROUTE!","","",""
"prapxdzc03","NO ROUTE!","","",""
"prapxdzc03","NO ROUTE!","","",""
"prapxdzc03","NO ROUTE!","","",""
"prapxdzc03","NO ROUTE!","","",""
"prapxdzc03","NO ROUTE!","","",""
"prapxdzc03","NO ROUTE!","","",""
"prapxdzc03","NO ROUTE!","","",""
"prapxdzc03","NO ROUTE!","","",""
"prapxdzc03","NO ROUTE!","","",""
"prapxdzc03","NO ROUTE!","","",""
"prapxdzc03","NO ROUTE!","","",""
"prapxdzc03","NO ROUTE!","","",""
"prapxdzc03","NO ROUTE!","","",""
"prapxdzc03","NO ROUTE!","","",""
"prapxdzc03","NO ROUTE!","","",""
"prapxdzc03","NO ROUTE!","","",""
"prapxdzc03","NO ROUTE!","","",""
"prapxdzc03","NO ROUTE!","","",""
"prapxdzc03","NO ROUTE!","","",""
"prapxdzc03","NO ROUTE!","","",""
"prapxdzc03","NO ROUTE!","","",""
"prapxdzc03","NO ROUTE!","","",""
"prapxdzc03","NO ROUTE!","","",""
"prapxdzc03","NO ROUTE!","","",""
"prapxdzc03","NO ROUTE!","","",""
"prapxdzc03","NO ROUTE!","","",""
"prapxdzc03","NO ROUTE!","","",""
"prapxdzc04","NO ROUTE!","","",""
"prapxdzc04","NO ROUTE!","","",""
"prapxdzc04","NO ROUTE!","","",""
"prapxdzc04","NO ROUTE!","","",""
"prapxdzc04","NO ROUTE!","","",""
"prapxdzc04","NO ROUTE!","","",""
"prapxdzc04","NO ROUTE!","","",""
"prapxdzc04","NO ROUTE!","","",""
"prapxdzc04","NO ROUTE!","","",""
"prapxdzc04","NO ROUTE!","","",""
"prapxdzc04","NO ROUTE!","","",""
"prapxdzc04","NO ROUTE!","","",""
"prapxdzc04","NO ROUTE!","","",""
"prapxdzc04","NO ROUTE!","","",""
"prapxdzc04","NO ROUTE!","","",""
"prapxdzc04","NO ROUTE!","","",""
"prapxdzc04","NO ROUTE!","","",""
"prapxdzc04","NO ROUTE!","","",""
"prapxdzc04","NO ROUTE!","","",""
"prapxdzc04","NO ROUTE!","","",""
"prapxdzc04","NO ROUTE!","","",""
"prapxdzc04","NO ROUTE!","","",""
"prapxdzc04","NO ROUTE!","","",""
"prapxdzc04","NO ROUTE!","","",""
"prapxdzc04","NO ROUTE!","","",""
"prapxdzc04","NO ROUTE!","","",""
"prapxdzc04","NO ROUTE!","","",""
"prapxdzc04","NO ROUTE!","","",""
"prapxdzc04","NO ROUTE!","","",""
"prapxdzc04","NO ROUTE!","","",""
"prapxdzc04","NO ROUTE!","","",""
"prapxdzc04","NO ROUTE!","","",""
"prapxdzc04","NO ROUTE!","","",""
"prapxdzc04","NO ROUTE!","","",""
"prapxdzc04","NO ROUTE!","","",""
"prapxdzc04","NO ROUTE!","","",""
"prapxdzc04","NO ROUTE!","","",""
"prapxdzc04","NO ROUTE!","","",""
"prapxdzc04","NO ROUTE!","","",""
"prapxdzc04","NO ROUTE!","","",""
"prapxdzc04","NO ROUTE!","","",""
"prapxdzc04","NO ROUTE!","","",""
"prapxdzc04","NO ROUTE!","","",""
"prapxdzc04","NO ROUTE!","","",""
"prapxdzc04","NO ROUTE!","","",""
"prapxdzc04","NO ROUTE!","","",""
"prapxdzc04","NO ROUTE!","","",""
"prapxdzc04","NO ROUTE!","","",""
"prapxdzc04","NO ROUTE!","","",""
"prapxdzc04","NO ROUTE!","","",""
"prapxdzc04","NO ROUTE!","","",""
"prapxdzp01","NO ROUTE!","","",""
"prapxdzp01","NO ROUTE!","","",""
"prapxdzp01","NO ROUTE!","","",""
"prapxdzp01","NO ROUTE!","","",""
"prapxdzp01","NO ROUTE!","","",""
"prapxdzp01","NO ROUTE!","","",""
"prapxdzp01","NO ROUTE!","","",""
"prapxdzp01","NO ROUTE!","","",""
"prapxdzp01","NO ROUTE!","","",""
"prapxdzp01","NO ROUTE!","","",""
"prapxdzp01","NO ROUTE!","","",""
"prapxdzp01","NO ROUTE!","","",""
"prapxdzp01","NO ROUTE!","","",""
"prapxdzp01","NO ROUTE!","","",""
"prapxdzp01","NO ROUTE!","","",""
"prapxdzp01","NO ROUTE!","","",""
"prapxdzp01","NO ROUTE!","","",""
"prapxdzp01","NO ROUTE!","","",""
"prapxdzp01","NO ROUTE!","","",""
"prapxdzp01","NO ROUTE!","","",""
"prapxdzp01","NO ROUTE!","","",""
"prapxdzp01","NO ROUTE!","","",""
"prapxdzp01","NO ROUTE!","","",""
"prapxdzp01","NO ROUTE!","","",""
"prapxdzp01","NO ROUTE!","","",""
"prapxdzp01","NO ROUTE!","","",""
"prapxdzp01","NO ROUTE!","","",""
"prapxdzp01","NO ROUTE!","","",""
"prapxdzp01","NO ROUTE!","","",""
"prapxdzp01","NO ROUTE!","","",""
"prapxdzp01","NO ROUTE!","","",""
"prapxdzp01","NO ROUTE!","","",""
"prapxdzp01","NO ROUTE!","","",""
"prapxdzp01","NO ROUTE!","","",""
"prapxdzp01","NO ROUTE!","","",""
"prapxdzp01","NO ROUTE!","","",""
"prapxdzp01","NO ROUTE!","","",""
"prapxdzp01","NO ROUTE!","","",""
"prapxdzp01","NO ROUTE!","","",""
"prapxdzp01","NO ROUTE!","","",""
"prapxdzp01","NO ROUTE!","","",""
"prapxdzp01","NO ROUTE!","","",""
"prapxdzp01","NO ROUTE!","","",""
"prapxdzp01","NO ROUTE!","","",""
"prapxdzp01","NO ROUTE!","","",""
"prapxdzp01","NO ROUTE!","","",""
"prapxdzp01","NO ROUTE!","","",""
"prapxdzp01","NO ROUTE!","","",""
"prapxdzp01","NO ROUTE!","","",""
"prapxdzp01","NO ROUTE!","","",""
"prapxdzp01","NO ROUTE!","","",""
"prapxdzp02","NO ROUTE!","","",""
"prapxdzp02","NO ROUTE!","","",""
"prapxdzp02","NO ROUTE!","","",""
"prapxdzp02","NO ROUTE!","","",""
"prapxdzp02","NO ROUTE!","","",""
"prapxdzp02","NO ROUTE!","","",""
"prapxdzp02","NO ROUTE!","","",""
"prapxdzp02","NO ROUTE!","","",""
"prapxdzp02","NO ROUTE!","","",""
"prapxdzp02","NO ROUTE!","","",""
"prapxdzp02","NO ROUTE!","","",""
"prapxdzp02","NO ROUTE!","","",""
"prapxdzp02","NO ROUTE!","","",""
"prapxdzp02","NO ROUTE!","","",""
"prapxdzp02","NO ROUTE!","","",""
"prapxdzp02","NO ROUTE!","","",""
"prapxdzp02","NO ROUTE!","","",""
"prapxdzp02","NO ROUTE!","","",""
"prapxdzp02","NO ROUTE!","","",""
"prapxdzp02","NO ROUTE!","","",""
"prapxdzp02","NO ROUTE!","","",""
"prapxdzp02","NO ROUTE!","","",""
"prapxdzp02","NO ROUTE!","","",""
"prapxdzp02","NO ROUTE!","","",""
"prapxdzp02","NO ROUTE!","","",""
"prapxdzp02","NO ROUTE!","","",""
"prapxdzp02","NO ROUTE!","","",""
"prapxdzp02","NO ROUTE!","","",""
"prapxdzp02","NO ROUTE!","","",""
"prapxdzp02","NO ROUTE!","","",""
"prapxdzp02","NO ROUTE!","","",""
"prapxdzp02","NO ROUTE!","","",""
"prapxdzp02","NO ROUTE!","","",""
"prapxdzp02","NO ROUTE!","","",""
"prapxdzp02","NO ROUTE!","","",""
"prapxdzp02","NO ROUTE!","","",""
"prapxdzp02","NO ROUTE!","","",""
"prapxdzp02","NO ROUTE!","","",""
"prapxdzp02","NO ROUTE!","","",""
"prapxdzp02","NO ROUTE!","","",""
"prapxdzp02","NO ROUTE!","","",""
"prapxdzp02","NO ROUTE!","","",""
"prapxdzp02","NO ROUTE!","","",""
"prapxdzp02","NO ROUTE!","","",""
"prapxdzp02","NO ROUTE!","","",""
"prapxdzp02","NO ROUTE!","","",""
"prapxdzp02","NO ROUTE!","","",""
"prapxdzp02","NO ROUTE!","","",""
"prapxdzp02","NO ROUTE!","","",""
"prapxdzp02","NO ROUTE!","","",""
"prapxdzp02","NO ROUTE!","","",""
"pravpdmz01","NO ROUTE!","","",""
"pravpdmz01","NO ROUTE!","","",""
"pravpdmz01","NO ROUTE!","","",""
"pravpdmz01","NO ROUTE!","","",""
"pravpdmz01","NO ROUTE!","","",""
"pravpdmz01","NO ROUTE!","","",""
"pravpdmz01","NO ROUTE!","","",""
"pravpdmz01","NO ROUTE!","","",""
"pravpdmz01","NO ROUTE!","","",""
"pravpdmz01","NO ROUTE!","","",""
"pravpdmz01","NO ROUTE!","","",""
"pravpdmz01","NO ROUTE!","","",""
"pravpdmz01","NO ROUTE!","","",""
"pravpdmz01","NO ROUTE!","","",""
"pravpdmz01","NO ROUTE!","","",""
"pravpdmz01","NO ROUTE!","","",""
"pravpdmz01","NO ROUTE!","","",""
"pravpdmz01","NO ROUTE!","","",""
"pravpdmz01","NO ROUTE!","","",""
"pravpdmz01","NO ROUTE!","","",""
"pravpdmz01","NO ROUTE!","","",""
"pravpdmz01","NO ROUTE!","","",""
"pravpdmz01","NO ROUTE!","","",""
"pravpdmz01","NO ROUTE!","","",""
"pravpdmz01","NO ROUTE!","","",""
"pravpdmz01","NO ROUTE!","","",""
"pravpdmz01","NO ROUTE!","","",""
"pravpdmz01","NO ROUTE!","","",""
"pravpdmz01","NO ROUTE!","","",""
"pravpdmz01","NO ROUTE!","","",""
"pravpdmz01","NO ROUTE!","","",""
"pravpdmz01","NO ROUTE!","","",""
"pravpdmz01","NO ROUTE!","","",""
"pravpdmz01","NO ROUTE!","","",""
"pravpdmz01","NO ROUTE!","","",""
"pravpdmz01","NO ROUTE!","","",""
"pravpdmz01","NO ROUTE!","","",""
"pravpdmz01","NO ROUTE!","","",""
"pravpdmz01","NO ROUTE!","","",""
"pravpdmz01","NO ROUTE!","","",""
"pravpdmz01","NO ROUTE!","","",""
"pravpdmz01","NO ROUTE!","","",""
"pravpdmz01","NO ROUTE!","","",""
"pravpdmz01","NO ROUTE!","","",""
"pravpdmz01","NO ROUTE!","","",""
"pravpdmz01","NO ROUTE!","","",""
"pravpdmz01","NO ROUTE!","","",""
"pravpdmz01","NO ROUTE!","","",""
"pravpdmz01","NO ROUTE!","","",""
"pravpdmz01","NO ROUTE!","","",""
"pravpdmz01","NO ROUTE!","","",""
"pravpdmz02","NO ROUTE!","","",""
"pravpdmz02","NO ROUTE!","","",""
"pravpdmz02","NO ROUTE!","","",""
"pravpdmz02","NO ROUTE!","","",""
"pravpdmz02","NO ROUTE!","","",""
"pravpdmz02","NO ROUTE!","","",""
"pravpdmz02","NO ROUTE!","","",""
"pravpdmz02","NO ROUTE!","","",""
"pravpdmz02","NO ROUTE!","","",""
"pravpdmz02","NO ROUTE!","","",""
"pravpdmz02","NO ROUTE!","","",""
"pravpdmz02","NO ROUTE!","","",""
"pravpdmz02","NO ROUTE!","","",""
"pravpdmz02","NO ROUTE!","","",""
"pravpdmz02","NO ROUTE!","","",""
"pravpdmz02","NO ROUTE!","","",""
"pravpdmz02","NO ROUTE!","","",""
"pravpdmz02","NO ROUTE!","","",""
"pravpdmz02","NO ROUTE!","","",""
"pravpdmz02","NO ROUTE!","","",""
"pravpdmz02","NO ROUTE!","","",""
"pravpdmz02","NO ROUTE!","","",""
"pravpdmz02","NO ROUTE!","","",""
"pravpdmz02","NO ROUTE!","","",""
"pravpdmz02","NO ROUTE!","","",""
"pravpdmz02","NO ROUTE!","","",""
"pravpdmz02","NO ROUTE!","","",""
"pravpdmz02","NO ROUTE!","","",""
"pravpdmz02","NO ROUTE!","","",""
"pravpdmz02","NO ROUTE!","","",""
"pravpdmz02","NO ROUTE!","","",""
"pravpdmz02","NO ROUTE!","","",""
"pravpdmz02","NO ROUTE!","","",""
"pravpdmz02","NO ROUTE!","","",""
"pravpdmz02","NO ROUTE!","","",""
"pravpdmz02","NO ROUTE!","","",""
"pravpdmz02","NO ROUTE!","","",""
"pravpdmz02","NO ROUTE!","","",""
"pravpdmz02","NO ROUTE!","","",""
"pravpdmz02","NO ROUTE!","","",""
"pravpdmz02","NO ROUTE!","","",""
"pravpdmz02","NO ROUTE!","","",""
"pravpdmz02","NO ROUTE!","","",""
"pravpdmz02","NO ROUTE!","","",""
"pravpdmz02","NO ROUTE!","","",""
"pravpdmz02","NO ROUTE!","","",""
"pravpdmz02","NO ROUTE!","","",""
"pravpdmz02","NO ROUTE!","","",""
"pravpdmz02","NO ROUTE!","","",""
"pravpdmz02","NO ROUTE!","","",""
"pravpdmz02","NO ROUTE!","","",""
"pravpmod03","NO ROUTE!","","",""
"pravpmod03","NO ROUTE!","","",""
"pravpmod03","NO ROUTE!","","",""
"pravpmod03","NO ROUTE!","","",""
"pravpmod03","NO ROUTE!","","",""
"pravpmod03","NO ROUTE!","","",""
"pravpmod03","NO ROUTE!","","",""
"pravpmod03","NO ROUTE!","","",""
"pravpmod03","NO ROUTE!","","",""
"pravpmod03","NO ROUTE!","","",""
"pravpmod03","NO ROUTE!","","",""
"pravpmod03","NO ROUTE!","","",""
"pravpmod03","NO ROUTE!","","",""
"pravpmod03","NO ROUTE!","","",""
"pravpmod03","NO ROUTE!","","",""
"pravpmod03","NO ROUTE!","","",""
"pravpmod03","NO ROUTE!","","",""
"pravpmod03","NO ROUTE!","","",""
"pravpmod03","NO ROUTE!","","",""
"pravpmod03","NO ROUTE!","","",""
"pravpmod03","NO ROUTE!","","",""
"pravpmod03","NO ROUTE!","","",""
"pravpmod03","NO ROUTE!","","",""
"pravpmod03","NO ROUTE!","","",""
"pravpmod03","NO ROUTE!","","",""
"pravpmod03","NO ROUTE!","","",""
"pravpmod03","NO ROUTE!","","",""
"pravpmod03","NO ROUTE!","","",""
"pravpmod03","NO ROUTE!","","",""
"pravpmod03","NO ROUTE!","","",""
"pravpmod03","NO ROUTE!","","",""
"pravpmod03","NO ROUTE!","","",""
"pravpmod03","NO ROUTE!","","",""
"pravpmod03","NO ROUTE!","","",""
"pravpmod03","NO ROUTE!","","",""
"pravpmod03","NO ROUTE!","","",""
"pravpmod03","NO ROUTE!","","",""
"pravpmod03","NO ROUTE!","","",""
"pravpmod03","NO ROUTE!","","",""
"pravpmod03","NO ROUTE!","","",""
"pravpmod03","NO ROUTE!","","",""
"pravpmod03","NO ROUTE!","","",""
"pravpmod03","NO ROUTE!","","",""
"pravpmod03","NO ROUTE!","","",""
"pravpmod03","NO ROUTE!","","",""
"pravpmod03","NO ROUTE!","","",""
"pravpmod03","NO ROUTE!","","",""
"pravpmod03","NO ROUTE!","","",""
"pravpmod03","NO ROUTE!","","",""
"pravpmod03","NO ROUTE!","","",""
"pravpmod03","NO ROUTE!","","",""
"pravpmod04","NO ROUTE!","","",""
"pravpmod04","NO ROUTE!","","",""
"pravpmod04","NO ROUTE!","","",""
"pravpmod04","NO ROUTE!","","",""
"pravpmod04","NO ROUTE!","","",""
"pravpmod04","NO ROUTE!","","",""
"pravpmod04","NO ROUTE!","","",""
"pravpmod04","NO ROUTE!","","",""
"pravpmod04","NO ROUTE!","","",""
"pravpmod04","NO ROUTE!","","",""
"pravpmod04","NO ROUTE!","","",""
"pravpmod04","NO ROUTE!","","",""
"pravpmod04","NO ROUTE!","","",""
"pravpmod04","NO ROUTE!","","",""
"pravpmod04","NO ROUTE!","","",""
"pravpmod04","NO ROUTE!","","",""
"pravpmod04","NO ROUTE!","","",""
"pravpmod04","NO ROUTE!","","",""
"pravpmod04","NO ROUTE!","","",""
"pravpmod04","NO ROUTE!","","",""
"pravpmod04","NO ROUTE!","","",""
"pravpmod04","NO ROUTE!","","",""
"pravpmod04","NO ROUTE!","","",""
"pravpmod04","NO ROUTE!","","",""
"pravpmod04","NO ROUTE!","","",""
"pravpmod04","NO ROUTE!","","",""
"pravpmod04","NO ROUTE!","","",""
"pravpmod04","NO ROUTE!","","",""
"pravpmod04","NO ROUTE!","","",""
"pravpmod04","NO ROUTE!","","",""
"pravpmod04","NO ROUTE!","","",""
"pravpmod04","NO ROUTE!","","",""
"pravpmod04","NO ROUTE!","","",""
"pravpmod04","NO ROUTE!","","",""
"pravpmod04","NO ROUTE!","","",""
"pravpmod04","NO ROUTE!","","",""
"pravpmod04","NO ROUTE!","","",""
"pravpmod04","NO ROUTE!","","",""
"pravpmod04","NO ROUTE!","","",""
"pravpmod04","NO ROUTE!","","",""
"pravpmod04","NO ROUTE!","","",""
"pravpmod04","NO ROUTE!","","",""
"pravpmod04","NO ROUTE!","","",""
"pravpmod04","NO ROUTE!","","",""
"pravpmod04","NO ROUTE!","","",""
"pravpmod04","NO ROUTE!","","",""
"pravpmod04","NO ROUTE!","","",""
"pravpmod04","NO ROUTE!","","",""
"pravpmod04","NO ROUTE!","","",""
"pravpmod04","NO ROUTE!","","",""
"pravpmod04","NO ROUTE!","","",""
"prcfwbak01","NO ROUTE!","","",""
"prcfwbak01","NO ROUTE!","","",""
"prcfwbak01","NO ROUTE!","","",""
"prcfwbak01","NO ROUTE!","","",""
"prcfwbak01","NO ROUTE!","","",""
"prcfwbak01","NO ROUTE!","","",""
"prcfwbak01","NO ROUTE!","","",""
"prcfwbak01","NO ROUTE!","","",""
"prcfwbak01","NO ROUTE!","","",""
"prcfwbak01","NO ROUTE!","","",""
"prcfwbak01","NO ROUTE!","","",""
"prcfwbak01","NO ROUTE!","","",""
"prcfwbak01","NO ROUTE!","","",""
"prcfwbak01","NO ROUTE!","","",""
"prcfwbak01","NO ROUTE!","","",""
"prcfwbak01","NO ROUTE!","","",""
"prcfwbak01","NO ROUTE!","","",""
"prcfwbak01","NO ROUTE!","","",""
"prcfwbak01","NO ROUTE!","","",""
"prcfwbak01","NO ROUTE!","","",""
"prcfwbak01","NO ROUTE!","","",""
"prcfwbak01","NO ROUTE!","","",""
"prcfwbak01","NO ROUTE!","","",""
"prcfwbak01","NO ROUTE!","","",""
"prcfwbak01","NO ROUTE!","","",""
"prcfwbak01","NO ROUTE!","","",""
"prcfwbak01","NO ROUTE!","","",""
"prcfwbak01","NO ROUTE!","","",""
"prcfwbak01","NO ROUTE!","","",""
"prcfwbak01","NO ROUTE!","","",""
"prcfwbak01","NO ROUTE!","","",""
"prcfwbak01","NO ROUTE!","","",""
"prcfwbak01","NO ROUTE!","","",""
"prcfwbak01","NO ROUTE!","","",""
"prcfwbak01","NO ROUTE!","","",""
"prcfwbak01","NO ROUTE!","","",""
"prcfwbak01","NO ROUTE!","","",""
"prcfwbak01","NO ROUTE!","","",""
"prcfwbak01","NO ROUTE!","","",""
"prcfwbak01","NO ROUTE!","","",""
"prcfwbak01","NO ROUTE!","","",""
"prcfwbak01","NO ROUTE!","","",""
"prcfwbak01","NO ROUTE!","","",""
"prcfwbak01","NO ROUTE!","","",""
"prcfwbak01","NO ROUTE!","","",""
"prcfwbak01","NO ROUTE!","","",""
"prcfwbak01","NO ROUTE!","","",""
"prcfwbak01","NO ROUTE!","","",""
"prcfwbak01","NO ROUTE!","","",""
"prcfwbak01","NO ROUTE!","","",""
"prcfwbak01","NO ROUTE!","","",""
"prcfwbak02","NO ROUTE!","","",""
"prcfwbak02","NO ROUTE!","","",""
"prcfwbak02","NO ROUTE!","","",""
"prcfwbak02","NO ROUTE!","","",""
"prcfwbak02","NO ROUTE!","","",""
"prcfwbak02","NO ROUTE!","","",""
"prcfwbak02","NO ROUTE!","","",""
"prcfwbak02","NO ROUTE!","","",""
"prcfwbak02","NO ROUTE!","","",""
"prcfwbak02","NO ROUTE!","","",""
"prcfwbak02","NO ROUTE!","","",""
"prcfwbak02","NO ROUTE!","","",""
"prcfwbak02","NO ROUTE!","","",""
"prcfwbak02","NO ROUTE!","","",""
"prcfwbak02","NO ROUTE!","","",""
"prcfwbak02","NO ROUTE!","","",""
"prcfwbak02","NO ROUTE!","","",""
"prcfwbak02","NO ROUTE!","","",""
"prcfwbak02","NO ROUTE!","","",""
"prcfwbak02","NO ROUTE!","","",""
"prcfwbak02","NO ROUTE!","","",""
"prcfwbak02","NO ROUTE!","","",""
"prcfwbak02","NO ROUTE!","","",""
"prcfwbak02","NO ROUTE!","","",""
"prcfwbak02","NO ROUTE!","","",""
"prcfwbak02","NO ROUTE!","","",""
"prcfwbak02","NO ROUTE!","","",""
"prcfwbak02","NO ROUTE!","","",""
"prcfwbak02","NO ROUTE!","","",""
"prcfwbak02","NO ROUTE!","","",""
"prcfwbak02","NO ROUTE!","","",""
"prcfwbak02","NO ROUTE!","","",""
"prcfwbak02","NO ROUTE!","","",""
"prcfwbak02","NO ROUTE!","","",""
"prcfwbak02","NO ROUTE!","","",""
"prcfwbak02","NO ROUTE!","","",""
"prcfwbak02","NO ROUTE!","","",""
"prcfwbak02","NO ROUTE!","","",""
"prcfwbak02","NO ROUTE!","","",""
"prcfwbak02","NO ROUTE!","","",""
"prcfwbak02","NO ROUTE!","","",""
"prcfwbak02","NO ROUTE!","","",""
"prcfwbak02","NO ROUTE!","","",""
"prcfwbak02","NO ROUTE!","","",""
"prcfwbak02","NO ROUTE!","","",""
"prcfwbak02","NO ROUTE!","","",""
"prcfwbak02","NO ROUTE!","","",""
"prcfwbak02","NO ROUTE!","","",""
"prcfwbak02","NO ROUTE!","","",""
"prcfwbak02","NO ROUTE!","","",""
"prcfwbak02","NO ROUTE!","","",""
"prcfwcol01","NO ROUTE!","","",""
"prcfwcol01","NO ROUTE!","","",""
"prcfwcol01","NO ROUTE!","","",""
"prcfwcol01","NO ROUTE!","","",""
"prcfwcol01","NO ROUTE!","","",""
"prcfwcol01","NO ROUTE!","","",""
"prcfwcol01","NO ROUTE!","","",""
"prcfwcol01","NO ROUTE!","","",""
"prcfwcol01","NO ROUTE!","","",""
"prcfwcol01","NO ROUTE!","","",""
"prcfwcol01","NO ROUTE!","","",""
"prcfwcol01","NO ROUTE!","","",""
"prcfwcol01","NO ROUTE!","","",""
"prcfwcol01","NO ROUTE!","","",""
"prcfwcol01","NO ROUTE!","","",""
"prcfwcol01","NO ROUTE!","","",""
"prcfwcol01","NO ROUTE!","","",""
"prcfwcol01","NO ROUTE!","","",""
"prcfwcol01","NO ROUTE!","","",""
"prcfwcol01","NO ROUTE!","","",""
"prcfwcol01","NO ROUTE!","","",""
"prcfwcol01","NO ROUTE!","","",""
"prcfwcol01","NO ROUTE!","","",""
"prcfwcol01","NO ROUTE!","","",""
"prcfwcol01","NO ROUTE!","","",""
"prcfwcol01","NO ROUTE!","","",""
"prcfwcol01","NO ROUTE!","","",""
"prcfwcol01","NO ROUTE!","","",""
"prcfwcol01","NO ROUTE!","","",""
"prcfwcol01","NO ROUTE!","","",""
"prcfwcol01","NO ROUTE!","","",""
"prcfwcol01","NO ROUTE!","","",""
"prcfwcol01","NO ROUTE!","","",""
"prcfwcol01","NO ROUTE!","","",""
"prcfwcol01","NO ROUTE!","","",""
"prcfwcol01","NO ROUTE!","","",""
"prcfwcol01","NO ROUTE!","","",""
"prcfwcol01","NO ROUTE!","","",""
"prcfwcol01","NO ROUTE!","","",""
"prcfwcol01","NO ROUTE!","","",""
"prcfwcol01","NO ROUTE!","","",""
"prcfwcol01","NO ROUTE!","","",""
"prcfwcol01","NO ROUTE!","","",""
"prcfwcol01","NO ROUTE!","","",""
"prcfwcol01","NO ROUTE!","","",""
"prcfwcol01","NO ROUTE!","","",""
"prcfwcol01","NO ROUTE!","","",""
"prcfwcol01","NO ROUTE!","","",""
"prcfwcol01","NO ROUTE!","","",""
"prcfwcol01","NO ROUTE!","","",""
"prcfwcol01","NO ROUTE!","","",""
"prcfwcol02","NO ROUTE!","","",""
"prcfwcol02","NO ROUTE!","","",""
"prcfwcol02","NO ROUTE!","","",""
"prcfwcol02","NO ROUTE!","","",""
"prcfwcol02","NO ROUTE!","","",""
"prcfwcol02","NO ROUTE!","","",""
"prcfwcol02","NO ROUTE!","","",""
"prcfwcol02","NO ROUTE!","","",""
"prcfwcol02","NO ROUTE!","","",""
"prcfwcol02","NO ROUTE!","","",""
"prcfwcol02","NO ROUTE!","","",""
"prcfwcol02","NO ROUTE!","","",""
"prcfwcol02","NO ROUTE!","","",""
"prcfwcol02","NO ROUTE!","","",""
"prcfwcol02","NO ROUTE!","","",""
"prcfwcol02","NO ROUTE!","","",""
"prcfwcol02","NO ROUTE!","","",""
"prcfwcol02","NO ROUTE!","","",""
"prcfwcol02","NO ROUTE!","","",""
"prcfwcol02","NO ROUTE!","","",""
"prcfwcol02","NO ROUTE!","","",""
"prcfwcol02","NO ROUTE!","","",""
"prcfwcol02","NO ROUTE!","","",""
"prcfwcol02","NO ROUTE!","","",""
"prcfwcol02","NO ROUTE!","","",""
"prcfwcol02","NO ROUTE!","","",""
"prcfwcol02","NO ROUTE!","","",""
"prcfwcol02","NO ROUTE!","","",""
"prcfwcol02","NO ROUTE!","","",""
"prcfwcol02","NO ROUTE!","","",""
"prcfwcol02","NO ROUTE!","","",""
"prcfwcol02","NO ROUTE!","","",""
"prcfwcol02","NO ROUTE!","","",""
"prcfwcol02","NO ROUTE!","","",""
"prcfwcol02","NO ROUTE!","","",""
"prcfwcol02","NO ROUTE!","","",""
"prcfwcol02","NO ROUTE!","","",""
"prcfwcol02","NO ROUTE!","","",""
"prcfwcol02","NO ROUTE!","","",""
"prcfwcol02","NO ROUTE!","","",""
"prcfwcol02","NO ROUTE!","","",""
"prcfwcol02","NO ROUTE!","","",""
"prcfwcol02","NO ROUTE!","","",""
"prcfwcol02","NO ROUTE!","","",""
"prcfwcol02","NO ROUTE!","","",""
"prcfwcol02","NO ROUTE!","","",""
"prcfwcol02","NO ROUTE!","","",""
"prcfwcol02","NO ROUTE!","","",""
"prcfwcol02","NO ROUTE!","","",""
"prcfwcol02","NO ROUTE!","","",""
"prcfwcol02","NO ROUTE!","","",""
"prcfwdmz01","NO ROUTE!","","",""
"prcfwdmz01","NO ROUTE!","","",""
"prcfwdmz01","NO ROUTE!","","",""
"prcfwdmz01","NO ROUTE!","","",""
"prcfwdmz01","NO ROUTE!","","",""
"prcfwdmz01","NO ROUTE!","","",""
"prcfwdmz01","NO ROUTE!","","",""
"prcfwdmz01","NO ROUTE!","","",""
"prcfwdmz01","NO ROUTE!","","",""
"prcfwdmz01","NO ROUTE!","","",""
"prcfwdmz01","NO ROUTE!","","",""
"prcfwdmz01","NO ROUTE!","","",""
"prcfwdmz01","NO ROUTE!","","",""
"prcfwdmz01","NO ROUTE!","","",""
"prcfwdmz01","NO ROUTE!","","",""
"prcfwdmz01","NO ROUTE!","","",""
"prcfwdmz01","NO ROUTE!","","",""
"prcfwdmz01","NO ROUTE!","","",""
"prcfwdmz01","NO ROUTE!","","",""
"prcfwdmz01","NO ROUTE!","","",""
"prcfwdmz01","NO ROUTE!","","",""
"prcfwdmz01","NO ROUTE!","","",""
"prcfwdmz01","NO ROUTE!","","",""
"prcfwdmz01","NO ROUTE!","","",""
"prcfwdmz01","NO ROUTE!","","",""
"prcfwdmz01","NO ROUTE!","","",""
"prcfwdmz01","NO ROUTE!","","",""
"prcfwdmz01","NO ROUTE!","","",""
"prcfwdmz01","NO ROUTE!","","",""
"prcfwdmz01","NO ROUTE!","","",""
"prcfwdmz01","NO ROUTE!","","",""
"prcfwdmz01","NO ROUTE!","","",""
"prcfwdmz01","NO ROUTE!","","",""
"prcfwdmz01","NO ROUTE!","","",""
"prcfwdmz01","NO ROUTE!","","",""
"prcfwdmz01","NO ROUTE!","","",""
"prcfwdmz01","NO ROUTE!","","",""
"prcfwdmz01","NO ROUTE!","","",""
"prcfwdmz01","NO ROUTE!","","",""
"prcfwdmz01","NO ROUTE!","","",""
"prcfwdmz01","NO ROUTE!","","",""
"prcfwdmz01","NO ROUTE!","","",""
"prcfwdmz01","NO ROUTE!","","",""
"prcfwdmz01","NO ROUTE!","","",""
"prcfwdmz01","NO ROUTE!","","",""
"prcfwdmz01","NO ROUTE!","","",""
"prcfwdmz01","NO ROUTE!","","",""
"prcfwdmz01","NO ROUTE!","","",""
"prcfwdmz01","NO ROUTE!","","",""
"prcfwdmz01","NO ROUTE!","","",""
"prcfwdmz01","NO ROUTE!","","",""
"prcfwdmz02","NO ROUTE!","","",""
"prcfwdmz02","NO ROUTE!","","",""
"prcfwdmz02","NO ROUTE!","","",""
"prcfwdmz02","NO ROUTE!","","",""
"prcfwdmz02","NO ROUTE!","","",""
"prcfwdmz02","NO ROUTE!","","",""
"prcfwdmz02","NO ROUTE!","","",""
"prcfwdmz02","NO ROUTE!","","",""
"prcfwdmz02","NO ROUTE!","","",""
"prcfwdmz02","NO ROUTE!","","",""
"prcfwdmz02","NO ROUTE!","","",""
"prcfwdmz02","NO ROUTE!","","",""
"prcfwdmz02","NO ROUTE!","","",""
"prcfwdmz02","NO ROUTE!","","",""
"prcfwdmz02","NO ROUTE!","","",""
"prcfwdmz02","NO ROUTE!","","",""
"prcfwdmz02","NO ROUTE!","","",""
"prcfwdmz02","NO ROUTE!","","",""
"prcfwdmz02","NO ROUTE!","","",""
"prcfwdmz02","NO ROUTE!","","",""
"prcfwdmz02","NO ROUTE!","","",""
"prcfwdmz02","NO ROUTE!","","",""
"prcfwdmz02","NO ROUTE!","","",""
"prcfwdmz02","NO ROUTE!","","",""
"prcfwdmz02","NO ROUTE!","","",""
"prcfwdmz02","NO ROUTE!","","",""
"prcfwdmz02","NO ROUTE!","","",""
"prcfwdmz02","NO ROUTE!","","",""
"prcfwdmz02","NO ROUTE!","","",""
"prcfwdmz02","NO ROUTE!","","",""
"prcfwdmz02","NO ROUTE!","","",""
"prcfwdmz02","NO ROUTE!","","",""
"prcfwdmz02","NO ROUTE!","","",""
"prcfwdmz02","NO ROUTE!","","",""
"prcfwdmz02","NO ROUTE!","","",""
"prcfwdmz02","NO ROUTE!","","",""
"prcfwdmz02","NO ROUTE!","","",""
"prcfwdmz02","NO ROUTE!","","",""
"prcfwdmz02","NO ROUTE!","","",""
"prcfwdmz02","NO ROUTE!","","",""
"prcfwdmz02","NO ROUTE!","","",""
"prcfwdmz02","NO ROUTE!","","",""
"prcfwdmz02","NO ROUTE!","","",""
"prcfwdmz02","NO ROUTE!","","",""
"prcfwdmz02","NO ROUTE!","","",""
"prcfwdmz02","NO ROUTE!","","",""
"prcfwdmz02","NO ROUTE!","","",""
"prcfwdmz02","NO ROUTE!","","",""
"prcfwdmz02","NO ROUTE!","","",""
"prcfwdmz02","NO ROUTE!","","",""
"prcfwdmz02","NO ROUTE!","","",""
"prcfwdmz05","NO ROUTE!","","",""
"prcfwdmz05","NO ROUTE!","","",""
"prcfwdmz05","NO ROUTE!","","",""
"prcfwdmz05","NO ROUTE!","","",""
"prcfwdmz05","NO ROUTE!","","",""
"prcfwdmz05","NO ROUTE!","","",""
"prcfwdmz05","NO ROUTE!","","",""
"prcfwdmz05","NO ROUTE!","","",""
"prcfwdmz05","NO ROUTE!","","",""
"prcfwdmz05","NO ROUTE!","","",""
"prcfwdmz05","NO ROUTE!","","",""
"prcfwdmz05","NO ROUTE!","","",""
"prcfwdmz05","NO ROUTE!","","",""
"prcfwdmz05","NO ROUTE!","","",""
"prcfwdmz05","NO ROUTE!","","",""
"prcfwdmz05","NO ROUTE!","","",""
"prcfwdmz05","NO ROUTE!","","",""
"prcfwdmz05","NO ROUTE!","","",""
"prcfwdmz05","NO ROUTE!","","",""
"prcfwdmz05","NO ROUTE!","","",""
"prcfwdmz05","NO ROUTE!","","",""
"prcfwdmz05","NO ROUTE!","","",""
"prcfwdmz05","NO ROUTE!","","",""
"prcfwdmz05","NO ROUTE!","","",""
"prcfwdmz05","NO ROUTE!","","",""
"prcfwdmz05","NO ROUTE!","","",""
"prcfwdmz05","NO ROUTE!","","",""
"prcfwdmz05","NO ROUTE!","","",""
"prcfwdmz05","NO ROUTE!","","",""
"prcfwdmz05","NO ROUTE!","","",""
"prcfwdmz05","NO ROUTE!","","",""
"prcfwdmz05","NO ROUTE!","","",""
"prcfwdmz05","NO ROUTE!","","",""
"prcfwdmz05","NO ROUTE!","","",""
"prcfwdmz05","NO ROUTE!","","",""
"prcfwdmz05","NO ROUTE!","","",""
"prcfwdmz05","NO ROUTE!","","",""
"prcfwdmz05","NO ROUTE!","","",""
"prcfwdmz05","NO ROUTE!","","",""
"prcfwdmz05","NO ROUTE!","","",""
"prcfwdmz05","NO ROUTE!","","",""
"prcfwdmz05","NO ROUTE!","","",""
"prcfwdmz05","NO ROUTE!","","",""
"prcfwdmz05","NO ROUTE!","","",""
"prcfwdmz05","NO ROUTE!","","",""
"prcfwdmz05","NO ROUTE!","","",""
"prcfwdmz05","NO ROUTE!","","",""
"prcfwdmz05","NO ROUTE!","","",""
"prcfwdmz05","NO ROUTE!","","",""
"prcfwdmz05","NO ROUTE!","","",""
"prcfwdmz05","NO ROUTE!","","",""
"prcfwdmz06","NO ROUTE!","","",""
"prcfwdmz06","NO ROUTE!","","",""
"prcfwdmz06","NO ROUTE!","","",""
"prcfwdmz06","NO ROUTE!","","",""
"prcfwdmz06","NO ROUTE!","","",""
"prcfwdmz06","NO ROUTE!","","",""
"prcfwdmz06","NO ROUTE!","","",""
"prcfwdmz06","NO ROUTE!","","",""
"prcfwdmz06","NO ROUTE!","","",""
"prcfwdmz06","NO ROUTE!","","",""
"prcfwdmz06","NO ROUTE!","","",""
"prcfwdmz06","NO ROUTE!","","",""
"prcfwdmz06","NO ROUTE!","","",""
"prcfwdmz06","NO ROUTE!","","",""
"prcfwdmz06","NO ROUTE!","","",""
"prcfwdmz06","NO ROUTE!","","",""
"prcfwdmz06","NO ROUTE!","","",""
"prcfwdmz06","NO ROUTE!","","",""
"prcfwdmz06","NO ROUTE!","","",""
"prcfwdmz06","NO ROUTE!","","",""
"prcfwdmz06","NO ROUTE!","","",""
"prcfwdmz06","NO ROUTE!","","",""
"prcfwdmz06","NO ROUTE!","","",""
"prcfwdmz06","NO ROUTE!","","",""
"prcfwdmz06","NO ROUTE!","","",""
"prcfwdmz06","NO ROUTE!","","",""
"prcfwdmz06","NO ROUTE!","","",""
"prcfwdmz06","NO ROUTE!","","",""
"prcfwdmz06","NO ROUTE!","","",""
"prcfwdmz06","NO ROUTE!","","",""
"prcfwdmz06","NO ROUTE!","","",""
"prcfwdmz06","NO ROUTE!","","",""
"prcfwdmz06","NO ROUTE!","","",""
"prcfwdmz06","NO ROUTE!","","",""
"prcfwdmz06","NO ROUTE!","","",""
"prcfwdmz06","NO ROUTE!","","",""
"prcfwdmz06","NO ROUTE!","","",""
"prcfwdmz06","NO ROUTE!","","",""
"prcfwdmz06","NO ROUTE!","","",""
"prcfwdmz06","NO ROUTE!","","",""
"prcfwdmz06","NO ROUTE!","","",""
"prcfwdmz06","NO ROUTE!","","",""
"prcfwdmz06","NO ROUTE!","","",""
"prcfwdmz06","NO ROUTE!","","",""
"prcfwdmz06","NO ROUTE!","","",""
"prcfwdmz06","NO ROUTE!","","",""
"prcfwdmz06","NO ROUTE!","","",""
"prcfwdmz06","NO ROUTE!","","",""
"prcfwdmz06","NO ROUTE!","","",""
"prcfwdmz06","NO ROUTE!","","",""
"prcfwdmz06","NO ROUTE!","","",""
"prclbmo201","NO ROUTE!","","",""
"prclbmo201","NO ROUTE!","","",""
"prclbmo201","NO ROUTE!","","",""
"prclbmo201","NO ROUTE!","","",""
"prclbmo201","NO ROUTE!","","",""
"prclbmo201","NO ROUTE!","","",""
"prclbmo201","NO ROUTE!","","",""
"prclbmo201","NO ROUTE!","","",""
"prclbmo201","NO ROUTE!","","",""
"prclbmo201","NO ROUTE!","","",""
"prclbmo201","NO ROUTE!","","",""
"prclbmo201","NO ROUTE!","","",""
"prclbmo201","NO ROUTE!","","",""
"prclbmo201","NO ROUTE!","","",""
"prclbmo201","NO ROUTE!","","",""
"prclbmo201","NO ROUTE!","","",""
"prclbmo201","NO ROUTE!","","",""
"prclbmo201","NO ROUTE!","","",""
"prclbmo201","NO ROUTE!","","",""
"prclbmo201","NO ROUTE!","","",""
"prclbmo201","NO ROUTE!","","",""
"prclbmo201","NO ROUTE!","","",""
"prclbmo201","NO ROUTE!","","",""
"prclbmo201","NO ROUTE!","","",""
"prclbmo201","NO ROUTE!","","",""
"prclbmo201","NO ROUTE!","","",""
"prclbmo201","NO ROUTE!","","",""
"prclbmo201","NO ROUTE!","","",""
"prclbmo201","NO ROUTE!","","",""
"prclbmo201","NO ROUTE!","","",""
"prclbmo201","NO ROUTE!","","",""
"prclbmo201","NO ROUTE!","","",""
"prclbmo201","NO ROUTE!","","",""
"prclbmo201","NO ROUTE!","","",""
"prclbmo201","NO ROUTE!","","",""
"prclbmo201","NO ROUTE!","","",""
"prclbmo201","NO ROUTE!","","",""
"prclbmo201","NO ROUTE!","","",""
"prclbmo201","NO ROUTE!","","",""
"prclbmo201","NO ROUTE!","","",""
"prclbmo201","NO ROUTE!","","",""
"prclbmo201","NO ROUTE!","","",""
"prclbmo201","NO ROUTE!","","",""
"prclbmo201","NO ROUTE!","","",""
"prclbmo201","NO ROUTE!","","",""
"prclbmo201","NO ROUTE!","","",""
"prclbmo201","NO ROUTE!","","",""
"prclbmo201","NO ROUTE!","","",""
"prclbmo201","NO ROUTE!","","",""
"prclbmo201","NO ROUTE!","","",""
"prclbmo201","NO ROUTE!","","",""
"prclbmo202","NO ROUTE!","","",""
"prclbmo202","NO ROUTE!","","",""
"prclbmo202","NO ROUTE!","","",""
"prclbmo202","NO ROUTE!","","",""
"prclbmo202","NO ROUTE!","","",""
"prclbmo202","NO ROUTE!","","",""
"prclbmo202","NO ROUTE!","","",""
"prclbmo202","NO ROUTE!","","",""
"prclbmo202","NO ROUTE!","","",""
"prclbmo202","NO ROUTE!","","",""
"prclbmo202","NO ROUTE!","","",""
"prclbmo202","NO ROUTE!","","",""
"prclbmo202","NO ROUTE!","","",""
"prclbmo202","NO ROUTE!","","",""
"prclbmo202","NO ROUTE!","","",""
"prclbmo202","NO ROUTE!","","",""
"prclbmo202","NO ROUTE!","","",""
"prclbmo202","NO ROUTE!","","",""
"prclbmo202","NO ROUTE!","","",""
"prclbmo202","NO ROUTE!","","",""
"prclbmo202","NO ROUTE!","","",""
"prclbmo202","NO ROUTE!","","",""
"prclbmo202","NO ROUTE!","","",""
"prclbmo202","NO ROUTE!","","",""
"prclbmo202","NO ROUTE!","","",""
"prclbmo202","NO ROUTE!","","",""
"prclbmo202","NO ROUTE!","","",""
"prclbmo202","NO ROUTE!","","",""
"prclbmo202","NO ROUTE!","","",""
"prclbmo202","NO ROUTE!","","",""
"prclbmo202","NO ROUTE!","","",""
"prclbmo202","NO ROUTE!","","",""
"prclbmo202","NO ROUTE!","","",""
"prclbmo202","NO ROUTE!","","",""
"prclbmo202","NO ROUTE!","","",""
"prclbmo202","NO ROUTE!","","",""
"prclbmo202","NO ROUTE!","","",""
"prclbmo202","NO ROUTE!","","",""
"prclbmo202","NO ROUTE!","","",""
"prclbmo202","NO ROUTE!","","",""
"prclbmo202","NO ROUTE!","","",""
"prclbmo202","NO ROUTE!","","",""
"prclbmo202","NO ROUTE!","","",""
"prclbmo202","NO ROUTE!","","",""
"prclbmo202","NO ROUTE!","","",""
"prclbmo202","NO ROUTE!","","",""
"prclbmo202","NO ROUTE!","","",""
"prclbmo202","NO ROUTE!","","",""
"prclbmo202","NO ROUTE!","","",""
"prclbmo202","NO ROUTE!","","",""
"prclbmo202","NO ROUTE!","","",""
"prclbpub01","NO ROUTE!","","",""
"prclbpub01","NO ROUTE!","","",""
"prclbpub01","NO ROUTE!","","",""
"prclbpub01","NO ROUTE!","","",""
"prclbpub01","NO ROUTE!","","",""
"prclbpub01","NO ROUTE!","","",""
"prclbpub01","NO ROUTE!","","",""
"prclbpub01","NO ROUTE!","","",""
"prclbpub01","NO ROUTE!","","",""
"prclbpub01","NO ROUTE!","","",""
"prclbpub01","NO ROUTE!","","",""
"prclbpub01","NO ROUTE!","","",""
"prclbpub01","NO ROUTE!","","",""
"prclbpub01","NO ROUTE!","","",""
"prclbpub01","NO ROUTE!","","",""
"prclbpub01","NO ROUTE!","","",""
"prclbpub01","NO ROUTE!","","",""
"prclbpub01","NO ROUTE!","","",""
"prclbpub01","NO ROUTE!","","",""
"prclbpub01","NO ROUTE!","","",""
"prclbpub01","NO ROUTE!","","",""
"prclbpub01","NO ROUTE!","","",""
"prclbpub01","NO ROUTE!","","",""
"prclbpub01","NO ROUTE!","","",""
"prclbpub01","NO ROUTE!","","",""
"prclbpub01","NO ROUTE!","","",""
"prclbpub01","NO ROUTE!","","",""
"prclbpub01","NO ROUTE!","","",""
"prclbpub01","NO ROUTE!","","",""
"prclbpub01","NO ROUTE!","","",""
"prclbpub01","NO ROUTE!","","",""
"prclbpub01","NO ROUTE!","","",""
"prclbpub01","NO ROUTE!","","",""
"prclbpub01","NO ROUTE!","","",""
"prclbpub01","NO ROUTE!","","",""
"prclbpub01","NO ROUTE!","","",""
"prclbpub01","NO ROUTE!","","",""
"prclbpub01","NO ROUTE!","","",""
"prclbpub01","NO ROUTE!","","",""
"prclbpub01","NO ROUTE!","","",""
"prclbpub01","NO ROUTE!","","",""
"prclbpub01","NO ROUTE!","","",""
"prclbpub01","NO ROUTE!","","",""
"prclbpub01","NO ROUTE!","","",""
"prclbpub01","NO ROUTE!","","",""
"prclbpub01","NO ROUTE!","","",""
"prclbpub01","NO ROUTE!","","",""
"prclbpub01","NO ROUTE!","","",""
"prclbpub01","NO ROUTE!","","",""
"prclbpub01","NO ROUTE!","","",""
"prclbpub01","NO ROUTE!","","",""
"prclbpub02","NO ROUTE!","","",""
"prclbpub02","NO ROUTE!","","",""
"prclbpub02","NO ROUTE!","","",""
"prclbpub02","NO ROUTE!","","",""
"prclbpub02","NO ROUTE!","","",""
"prclbpub02","NO ROUTE!","","",""
"prclbpub02","NO ROUTE!","","",""
"prclbpub02","NO ROUTE!","","",""
"prclbpub02","NO ROUTE!","","",""
"prclbpub02","NO ROUTE!","","",""
"prclbpub02","NO ROUTE!","","",""
"prclbpub02","NO ROUTE!","","",""
"prclbpub02","NO ROUTE!","","",""
"prclbpub02","NO ROUTE!","","",""
"prclbpub02","NO ROUTE!","","",""
"prclbpub02","NO ROUTE!","","",""
"prclbpub02","NO ROUTE!","","",""
"prclbpub02","NO ROUTE!","","",""
"prclbpub02","NO ROUTE!","","",""
"prclbpub02","NO ROUTE!","","",""
"prclbpub02","NO ROUTE!","","",""
"prclbpub02","NO ROUTE!","","",""
"prclbpub02","NO ROUTE!","","",""
"prclbpub02","NO ROUTE!","","",""
"prclbpub02","NO ROUTE!","","",""
"prclbpub02","NO ROUTE!","","",""
"prclbpub02","NO ROUTE!","","",""
"prclbpub02","NO ROUTE!","","",""
"prclbpub02","NO ROUTE!","","",""
"prclbpub02","NO ROUTE!","","",""
"prclbpub02","NO ROUTE!","","",""
"prclbpub02","NO ROUTE!","","",""
"prclbpub02","NO ROUTE!","","",""
"prclbpub02","NO ROUTE!","","",""
"prclbpub02","NO ROUTE!","","",""
"prclbpub02","NO ROUTE!","","",""
"prclbpub02","NO ROUTE!","","",""
"prclbpub02","NO ROUTE!","","",""
"prclbpub02","NO ROUTE!","","",""
"prclbpub02","NO ROUTE!","","",""
"prclbpub02","NO ROUTE!","","",""
"prclbpub02","NO ROUTE!","","",""
"prclbpub02","NO ROUTE!","","",""
"prclbpub02","NO ROUTE!","","",""
"prclbpub02","NO ROUTE!","","",""
"prclbpub02","NO ROUTE!","","",""
"prclbpub02","NO ROUTE!","","",""
"prclbpub02","NO ROUTE!","","",""
"prclbpub02","NO ROUTE!","","",""
"prclbpub02","NO ROUTE!","","",""
"prclbpub02","NO ROUTE!","","",""
"prcpxdzc01","NO ROUTE!","","",""
"prcpxdzc01","NO ROUTE!","","",""
"prcpxdzc01","NO ROUTE!","","",""
"prcpxdzc01","NO ROUTE!","","",""
"prcpxdzc01","NO ROUTE!","","",""
"prcpxdzc01","NO ROUTE!","","",""
"prcpxdzc01","NO ROUTE!","","",""
"prcpxdzc01","NO ROUTE!","","",""
"prcpxdzc01","NO ROUTE!","","",""
"prcpxdzc01","NO ROUTE!","","",""
"prcpxdzc01","NO ROUTE!","","",""
"prcpxdzc01","NO ROUTE!","","",""
"prcpxdzc01","NO ROUTE!","","",""
"prcpxdzc01","NO ROUTE!","","",""
"prcpxdzc01","NO ROUTE!","","",""
"prcpxdzc01","NO ROUTE!","","",""
"prcpxdzc01","NO ROUTE!","","",""
"prcpxdzc01","NO ROUTE!","","",""
"prcpxdzc01","NO ROUTE!","","",""
"prcpxdzc01","NO ROUTE!","","",""
"prcpxdzc01","NO ROUTE!","","",""
"prcpxdzc01","NO ROUTE!","","",""
"prcpxdzc01","NO ROUTE!","","",""
"prcpxdzc01","NO ROUTE!","","",""
"prcpxdzc01","NO ROUTE!","","",""
"prcpxdzc01","NO ROUTE!","","",""
"prcpxdzc01","NO ROUTE!","","",""
"prcpxdzc01","NO ROUTE!","","",""
"prcpxdzc01","NO ROUTE!","","",""
"prcpxdzc01","NO ROUTE!","","",""
"prcpxdzc01","NO ROUTE!","","",""
"prcpxdzc01","NO ROUTE!","","",""
"prcpxdzc01","NO ROUTE!","","",""
"prcpxdzc01","NO ROUTE!","","",""
"prcpxdzc01","NO ROUTE!","","",""
"prcpxdzc01","NO ROUTE!","","",""
"prcpxdzc01","NO ROUTE!","","",""
"prcpxdzc01","NO ROUTE!","","",""
"prcpxdzc01","NO ROUTE!","","",""
"prcpxdzc01","NO ROUTE!","","",""
"prcpxdzc01","NO ROUTE!","","",""
"prcpxdzc01","NO ROUTE!","","",""
"prcpxdzc01","NO ROUTE!","","",""
"prcpxdzc01","NO ROUTE!","","",""
"prcpxdzc01","NO ROUTE!","","",""
"prcpxdzc01","NO ROUTE!","","",""
"prcpxdzc01","NO ROUTE!","","",""
"prcpxdzc01","NO ROUTE!","","",""
"prcpxdzc01","NO ROUTE!","","",""
"prcpxdzc01","NO ROUTE!","","",""
"prcpxdzc01","NO ROUTE!","","",""
"prcpxdzc02","NO ROUTE!","","",""
"prcpxdzc02","NO ROUTE!","","",""
"prcpxdzc02","NO ROUTE!","","",""
"prcpxdzc02","NO ROUTE!","","",""
"prcpxdzc02","NO ROUTE!","","",""
"prcpxdzc02","NO ROUTE!","","",""
"prcpxdzc02","NO ROUTE!","","",""
"prcpxdzc02","NO ROUTE!","","",""
"prcpxdzc02","NO ROUTE!","","",""
"prcpxdzc02","NO ROUTE!","","",""
"prcpxdzc02","NO ROUTE!","","",""
"prcpxdzc02","NO ROUTE!","","",""
"prcpxdzc02","NO ROUTE!","","",""
"prcpxdzc02","NO ROUTE!","","",""
"prcpxdzc02","NO ROUTE!","","",""
"prcpxdzc02","NO ROUTE!","","",""
"prcpxdzc02","NO ROUTE!","","",""
"prcpxdzc02","NO ROUTE!","","",""
"prcpxdzc02","NO ROUTE!","","",""
"prcpxdzc02","NO ROUTE!","","",""
"prcpxdzc02","NO ROUTE!","","",""
"prcpxdzc02","NO ROUTE!","","",""
"prcpxdzc02","NO ROUTE!","","",""
"prcpxdzc02","NO ROUTE!","","",""
"prcpxdzc02","NO ROUTE!","","",""
"prcpxdzc02","NO ROUTE!","","",""
"prcpxdzc02","NO ROUTE!","","",""
"prcpxdzc02","NO ROUTE!","","",""
"prcpxdzc02","NO ROUTE!","","",""
"prcpxdzc02","NO ROUTE!","","",""
"prcpxdzc02","NO ROUTE!","","",""
"prcpxdzc02","NO ROUTE!","","",""
"prcpxdzc02","NO ROUTE!","","",""
"prcpxdzc02","NO ROUTE!","","",""
"prcpxdzc02","NO ROUTE!","","",""
"prcpxdzc02","NO ROUTE!","","",""
"prcpxdzc02","NO ROUTE!","","",""
"prcpxdzc02","NO ROUTE!","","",""
"prcpxdzc02","NO ROUTE!","","",""
"prcpxdzc02","NO ROUTE!","","",""
"prcpxdzc02","NO ROUTE!","","",""
"prcpxdzc02","NO ROUTE!","","",""
"prcpxdzc02","NO ROUTE!","","",""
"prcpxdzc02","NO ROUTE!","","",""
"prcpxdzc02","NO ROUTE!","","",""
"prcpxdzc02","NO ROUTE!","","",""
"prcpxdzc02","NO ROUTE!","","",""
"prcpxdzc02","NO ROUTE!","","",""
"prcpxdzc02","NO ROUTE!","","",""
"prcpxdzc02","NO ROUTE!","","",""
"prcpxdzc02","NO ROUTE!","","",""
"prcpxdzc03","NO ROUTE!","","",""
"prcpxdzc03","NO ROUTE!","","",""
"prcpxdzc03","NO ROUTE!","","",""
"prcpxdzc03","NO ROUTE!","","",""
"prcpxdzc03","NO ROUTE!","","",""
"prcpxdzc03","NO ROUTE!","","",""
"prcpxdzc03","NO ROUTE!","","",""
"prcpxdzc03","NO ROUTE!","","",""
"prcpxdzc03","NO ROUTE!","","",""
"prcpxdzc03","NO ROUTE!","","",""
"prcpxdzc03","NO ROUTE!","","",""
"prcpxdzc03","NO ROUTE!","","",""
"prcpxdzc03","NO ROUTE!","","",""
"prcpxdzc03","NO ROUTE!","","",""
"prcpxdzc03","NO ROUTE!","","",""
"prcpxdzc03","NO ROUTE!","","",""
"prcpxdzc03","NO ROUTE!","","",""
"prcpxdzc03","NO ROUTE!","","",""
"prcpxdzc03","NO ROUTE!","","",""
"prcpxdzc03","NO ROUTE!","","",""
"prcpxdzc03","NO ROUTE!","","",""
"prcpxdzc03","NO ROUTE!","","",""
"prcpxdzc03","NO ROUTE!","","",""
"prcpxdzc03","NO ROUTE!","","",""
"prcpxdzc03","NO ROUTE!","","",""
"prcpxdzc03","NO ROUTE!","","",""
"prcpxdzc03","NO ROUTE!","","",""
"prcpxdzc03","NO ROUTE!","","",""
"prcpxdzc03","NO ROUTE!","","",""
"prcpxdzc03","NO ROUTE!","","",""
"prcpxdzc03","NO ROUTE!","","",""
"prcpxdzc03","NO ROUTE!","","",""
"prcpxdzc03","NO ROUTE!","","",""
"prcpxdzc03","NO ROUTE!","","",""
"prcpxdzc03","NO ROUTE!","","",""
"prcpxdzc03","NO ROUTE!","","",""
"prcpxdzc03","NO ROUTE!","","",""
"prcpxdzc03","NO ROUTE!","","",""
"prcpxdzc03","NO ROUTE!","","",""
"prcpxdzc03","NO ROUTE!","","",""
"prcpxdzc03","NO ROUTE!","","",""
"prcpxdzc03","NO ROUTE!","","",""
"prcpxdzc03","NO ROUTE!","","",""
"prcpxdzc03","NO ROUTE!","","",""
"prcpxdzc03","NO ROUTE!","","",""
"prcpxdzc03","NO ROUTE!","","",""
"prcpxdzc03","NO ROUTE!","","",""
"prcpxdzc03","NO ROUTE!","","",""
"prcpxdzc03","NO ROUTE!","","",""
"prcpxdzc03","NO ROUTE!","","",""
"prcpxdzc03","NO ROUTE!","","",""
"prcpxdzc04","NO ROUTE!","","",""
"prcpxdzc04","NO ROUTE!","","",""
"prcpxdzc04","NO ROUTE!","","",""
"prcpxdzc04","NO ROUTE!","","",""
"prcpxdzc04","NO ROUTE!","","",""
"prcpxdzc04","NO ROUTE!","","",""
"prcpxdzc04","NO ROUTE!","","",""
"prcpxdzc04","NO ROUTE!","","",""
"prcpxdzc04","NO ROUTE!","","",""
"prcpxdzc04","NO ROUTE!","","",""
"prcpxdzc04","NO ROUTE!","","",""
"prcpxdzc04","NO ROUTE!","","",""
"prcpxdzc04","NO ROUTE!","","",""
"prcpxdzc04","NO ROUTE!","","",""
"prcpxdzc04","NO ROUTE!","","",""
"prcpxdzc04","NO ROUTE!","","",""
"prcpxdzc04","NO ROUTE!","","",""
"prcpxdzc04","NO ROUTE!","","",""
"prcpxdzc04","NO ROUTE!","","",""
"prcpxdzc04","NO ROUTE!","","",""
"prcpxdzc04","NO ROUTE!","","",""
"prcpxdzc04","NO ROUTE!","","",""
"prcpxdzc04","NO ROUTE!","","",""
"prcpxdzc04","NO ROUTE!","","",""
"prcpxdzc04","NO ROUTE!","","",""
"prcpxdzc04","NO ROUTE!","","",""
"prcpxdzc04","NO ROUTE!","","",""
"prcpxdzc04","NO ROUTE!","","",""
"prcpxdzc04","NO ROUTE!","","",""
"prcpxdzc04","NO ROUTE!","","",""
"prcpxdzc04","NO ROUTE!","","",""
"prcpxdzc04","NO ROUTE!","","",""
"prcpxdzc04","NO ROUTE!","","",""
"prcpxdzc04","NO ROUTE!","","",""
"prcpxdzc04","NO ROUTE!","","",""
"prcpxdzc04","NO ROUTE!","","",""
"prcpxdzc04","NO ROUTE!","","",""
"prcpxdzc04","NO ROUTE!","","",""
"prcpxdzc04","NO ROUTE!","","",""
"prcpxdzc04","NO ROUTE!","","",""
"prcpxdzc04","NO ROUTE!","","",""
"prcpxdzc04","NO ROUTE!","","",""
"prcpxdzc04","NO ROUTE!","","",""
"prcpxdzc04","NO ROUTE!","","",""
"prcpxdzc04","NO ROUTE!","","",""
"prcpxdzc04","NO ROUTE!","","",""
"prcpxdzc04","NO ROUTE!","","",""
"prcpxdzc04","NO ROUTE!","","",""
"prcpxdzc04","NO ROUTE!","","",""
"prcpxdzc04","NO ROUTE!","","",""
"prcpxdzc04","NO ROUTE!","","",""
"prcpxdzc05","NO ROUTE!","","",""
"prcpxdzc05","NO ROUTE!","","",""
"prcpxdzc05","NO ROUTE!","","",""
"prcpxdzc05","NO ROUTE!","","",""
"prcpxdzc05","NO ROUTE!","","",""
"prcpxdzc05","NO ROUTE!","","",""
"prcpxdzc05","NO ROUTE!","","",""
"prcpxdzc05","NO ROUTE!","","",""
"prcpxdzc05","NO ROUTE!","","",""
"prcpxdzc05","NO ROUTE!","","",""
"prcpxdzc05","NO ROUTE!","","",""
"prcpxdzc05","NO ROUTE!","","",""
"prcpxdzc05","NO ROUTE!","","",""
"prcpxdzc05","NO ROUTE!","","",""
"prcpxdzc05","NO ROUTE!","","",""
"prcpxdzc05","NO ROUTE!","","",""
"prcpxdzc05","NO ROUTE!","","",""
"prcpxdzc05","NO ROUTE!","","",""
"prcpxdzc05","NO ROUTE!","","",""
"prcpxdzc05","NO ROUTE!","","",""
"prcpxdzc05","NO ROUTE!","","",""
"prcpxdzc05","NO ROUTE!","","",""
"prcpxdzc05","NO ROUTE!","","",""
"prcpxdzc05","NO ROUTE!","","",""
"prcpxdzc05","NO ROUTE!","","",""
"prcpxdzc05","NO ROUTE!","","",""
"prcpxdzc05","NO ROUTE!","","",""
"prcpxdzc05","NO ROUTE!","","",""
"prcpxdzc05","NO ROUTE!","","",""
"prcpxdzc05","NO ROUTE!","","",""
"prcpxdzc05","NO ROUTE!","","",""
"prcpxdzc05","NO ROUTE!","","",""
"prcpxdzc05","NO ROUTE!","","",""
"prcpxdzc05","NO ROUTE!","","",""
"prcpxdzc05","NO ROUTE!","","",""
"prcpxdzc05","NO ROUTE!","","",""
"prcpxdzc05","NO ROUTE!","","",""
"prcpxdzc05","NO ROUTE!","","",""
"prcpxdzc05","NO ROUTE!","","",""
"prcpxdzc05","NO ROUTE!","","",""
"prcpxdzc05","NO ROUTE!","","",""
"prcpxdzc05","NO ROUTE!","","",""
"prcpxdzc05","NO ROUTE!","","",""
"prcpxdzc05","NO ROUTE!","","",""
"prcpxdzc05","NO ROUTE!","","",""
"prcpxdzc05","NO ROUTE!","","",""
"prcpxdzc05","NO ROUTE!","","",""
"prcpxdzc05","NO ROUTE!","","",""
"prcpxdzc05","NO ROUTE!","","",""
"prcpxdzc05","NO ROUTE!","","",""
"prcpxdzc05","NO ROUTE!","","",""
"prcpxdzc06","NO ROUTE!","","",""
"prcpxdzc06","NO ROUTE!","","",""
"prcpxdzc06","NO ROUTE!","","",""
"prcpxdzc06","NO ROUTE!","","",""
"prcpxdzc06","NO ROUTE!","","",""
"prcpxdzc06","NO ROUTE!","","",""
"prcpxdzc06","NO ROUTE!","","",""
"prcpxdzc06","NO ROUTE!","","",""
"prcpxdzc06","NO ROUTE!","","",""
"prcpxdzc06","NO ROUTE!","","",""
"prcpxdzc06","NO ROUTE!","","",""
"prcpxdzc06","NO ROUTE!","","",""
"prcpxdzc06","NO ROUTE!","","",""
"prcpxdzc06","NO ROUTE!","","",""
"prcpxdzc06","NO ROUTE!","","",""
"prcpxdzc06","NO ROUTE!","","",""
"prcpxdzc06","NO ROUTE!","","",""
"prcpxdzc06","NO ROUTE!","","",""
"prcpxdzc06","NO ROUTE!","","",""
"prcpxdzc06","NO ROUTE!","","",""
"prcpxdzc06","NO ROUTE!","","",""
"prcpxdzc06","NO ROUTE!","","",""
"prcpxdzc06","NO ROUTE!","","",""
"prcpxdzc06","NO ROUTE!","","",""
"prcpxdzc06","NO ROUTE!","","",""
"prcpxdzc06","NO ROUTE!","","",""
"prcpxdzc06","NO ROUTE!","","",""
"prcpxdzc06","NO ROUTE!","","",""
"prcpxdzc06","NO ROUTE!","","",""
"prcpxdzc06","NO ROUTE!","","",""
"prcpxdzc06","NO ROUTE!","","",""
"prcpxdzc06","NO ROUTE!","","",""
"prcpxdzc06","NO ROUTE!","","",""
"prcpxdzc06","NO ROUTE!","","",""
"prcpxdzc06","NO ROUTE!","","",""
"prcpxdzc06","NO ROUTE!","","",""
"prcpxdzc06","NO ROUTE!","","",""
"prcpxdzc06","NO ROUTE!","","",""
"prcpxdzc06","NO ROUTE!","","",""
"prcpxdzc06","NO ROUTE!","","",""
"prcpxdzc06","NO ROUTE!","","",""
"prcpxdzc06","NO ROUTE!","","",""
"prcpxdzc06","NO ROUTE!","","",""
"prcpxdzc06","NO ROUTE!","","",""
"prcpxdzc06","NO ROUTE!","","",""
"prcpxdzc06","NO ROUTE!","","",""
"prcpxdzc06","NO ROUTE!","","",""
"prcpxdzc06","NO ROUTE!","","",""
"prcpxdzc06","NO ROUTE!","","",""
"prcpxdzc06","NO ROUTE!","","",""
"prcpxdzc06","NO ROUTE!","","",""
"prcpxdzp01","NO ROUTE!","","",""
"prcpxdzp01","NO ROUTE!","","",""
"prcpxdzp01","NO ROUTE!","","",""
"prcpxdzp01","NO ROUTE!","","",""
"prcpxdzp01","NO ROUTE!","","",""
"prcpxdzp01","NO ROUTE!","","",""
"prcpxdzp01","NO ROUTE!","","",""
"prcpxdzp01","NO ROUTE!","","",""
"prcpxdzp01","NO ROUTE!","","",""
"prcpxdzp01","NO ROUTE!","","",""
"prcpxdzp01","NO ROUTE!","","",""
"prcpxdzp01","NO ROUTE!","","",""
"prcpxdzp01","NO ROUTE!","","",""
"prcpxdzp01","NO ROUTE!","","",""
"prcpxdzp01","NO ROUTE!","","",""
"prcpxdzp01","NO ROUTE!","","",""
"prcpxdzp01","NO ROUTE!","","",""
"prcpxdzp01","NO ROUTE!","","",""
"prcpxdzp01","NO ROUTE!","","",""
"prcpxdzp01","NO ROUTE!","","",""
"prcpxdzp01","NO ROUTE!","","",""
"prcpxdzp01","NO ROUTE!","","",""
"prcpxdzp01","NO ROUTE!","","",""
"prcpxdzp01","NO ROUTE!","","",""
"prcpxdzp01","NO ROUTE!","","",""
"prcpxdzp01","NO ROUTE!","","",""
"prcpxdzp01","NO ROUTE!","","",""
"prcpxdzp01","NO ROUTE!","","",""
"prcpxdzp01","NO ROUTE!","","",""
"prcpxdzp01","NO ROUTE!","","",""
"prcpxdzp01","NO ROUTE!","","",""
"prcpxdzp01","NO ROUTE!","","",""
"prcpxdzp01","NO ROUTE!","","",""
"prcpxdzp01","NO ROUTE!","","",""
"prcpxdzp01","NO ROUTE!","","",""
"prcpxdzp01","NO ROUTE!","","",""
"prcpxdzp01","NO ROUTE!","","",""
"prcpxdzp01","NO ROUTE!","","",""
"prcpxdzp01","NO ROUTE!","","",""
"prcpxdzp01","NO ROUTE!","","",""
"prcpxdzp01","NO ROUTE!","","",""
"prcpxdzp01","NO ROUTE!","","",""
"prcpxdzp01","NO ROUTE!","","",""
"prcpxdzp01","NO ROUTE!","","",""
"prcpxdzp01","NO ROUTE!","","",""
"prcpxdzp01","NO ROUTE!","","",""
"prcpxdzp01","NO ROUTE!","","",""
"prcpxdzp01","NO ROUTE!","","",""
"prcpxdzp01","NO ROUTE!","","",""
"prcpxdzp01","NO ROUTE!","","",""
"prcpxdzp01","NO ROUTE!","","",""
"prcpxdzp02","NO ROUTE!","","",""
"prcpxdzp02","NO ROUTE!","","",""
"prcpxdzp02","NO ROUTE!","","",""
"prcpxdzp02","NO ROUTE!","","",""
"prcpxdzp02","NO ROUTE!","","",""
"prcpxdzp02","NO ROUTE!","","",""
"prcpxdzp02","NO ROUTE!","","",""
"prcpxdzp02","NO ROUTE!","","",""
"prcpxdzp02","NO ROUTE!","","",""
"prcpxdzp02","NO ROUTE!","","",""
"prcpxdzp02","NO ROUTE!","","",""
"prcpxdzp02","NO ROUTE!","","",""
"prcpxdzp02","NO ROUTE!","","",""
"prcpxdzp02","NO ROUTE!","","",""
"prcpxdzp02","NO ROUTE!","","",""
"prcpxdzp02","NO ROUTE!","","",""
"prcpxdzp02","NO ROUTE!","","",""
"prcpxdzp02","NO ROUTE!","","",""
"prcpxdzp02","NO ROUTE!","","",""
"prcpxdzp02","NO ROUTE!","","",""
"prcpxdzp02","NO ROUTE!","","",""
"prcpxdzp02","NO ROUTE!","","",""
"prcpxdzp02","NO ROUTE!","","",""
"prcpxdzp02","NO ROUTE!","","",""
"prcpxdzp02","NO ROUTE!","","",""
"prcpxdzp02","NO ROUTE!","","",""
"prcpxdzp02","NO ROUTE!","","",""
"prcpxdzp02","NO ROUTE!","","",""
"prcpxdzp02","NO ROUTE!","","",""
"prcpxdzp02","NO ROUTE!","","",""
"prcpxdzp02","NO ROUTE!","","",""
"prcpxdzp02","NO ROUTE!","","",""
"prcpxdzp02","NO ROUTE!","","",""
"prcpxdzp02","NO ROUTE!","","",""
"prcpxdzp02","NO ROUTE!","","",""
"prcpxdzp02","NO ROUTE!","","",""
"prcpxdzp02","NO ROUTE!","","",""
"prcpxdzp02","NO ROUTE!","","",""
"prcpxdzp02","NO ROUTE!","","",""
"prcpxdzp02","NO ROUTE!","","",""
"prcpxdzp02","NO ROUTE!","","",""
"prcpxdzp02","NO ROUTE!","","",""
"prcpxdzp02","NO ROUTE!","","",""
"prcpxdzp02","NO ROUTE!","","",""
"prcpxdzp02","NO ROUTE!","","",""
"prcpxdzp02","NO ROUTE!","","",""
"prcpxdzp02","NO ROUTE!","","",""
"prcpxdzp02","NO ROUTE!","","",""
"prcpxdzp02","NO ROUTE!","","",""
"prcpxdzp02","NO ROUTE!","","",""
"prcpxdzp02","NO ROUTE!","","",""
"prcvpdmz01","NO ROUTE!","","",""
"prcvpdmz01","NO ROUTE!","","",""
"prcvpdmz01","NO ROUTE!","","",""
"prcvpdmz01","NO ROUTE!","","",""
"prcvpdmz01","NO ROUTE!","","",""
"prcvpdmz01","NO ROUTE!","","",""
"prcvpdmz01","NO ROUTE!","","",""
"prcvpdmz01","NO ROUTE!","","",""
"prcvpdmz01","NO ROUTE!","","",""
"prcvpdmz01","NO ROUTE!","","",""
"prcvpdmz01","NO ROUTE!","","",""
"prcvpdmz01","NO ROUTE!","","",""
"prcvpdmz01","NO ROUTE!","","",""
"prcvpdmz01","NO ROUTE!","","",""
"prcvpdmz01","NO ROUTE!","","",""
"prcvpdmz01","NO ROUTE!","","",""
"prcvpdmz01","NO ROUTE!","","",""
"prcvpdmz01","NO ROUTE!","","",""
"prcvpdmz01","NO ROUTE!","","",""
"prcvpdmz01","NO ROUTE!","","",""
"prcvpdmz01","NO ROUTE!","","",""
"prcvpdmz01","NO ROUTE!","","",""
"prcvpdmz01","NO ROUTE!","","",""
"prcvpdmz01","NO ROUTE!","","",""
"prcvpdmz01","NO ROUTE!","","",""
"prcvpdmz01","NO ROUTE!","","",""
"prcvpdmz01","NO ROUTE!","","",""
"prcvpdmz01","NO ROUTE!","","",""
"prcvpdmz01","NO ROUTE!","","",""
"prcvpdmz01","NO ROUTE!","","",""
"prcvpdmz01","NO ROUTE!","","",""
"prcvpdmz01","NO ROUTE!","","",""
"prcvpdmz01","NO ROUTE!","","",""
"prcvpdmz01","NO ROUTE!","","",""
"prcvpdmz01","NO ROUTE!","","",""
"prcvpdmz01","NO ROUTE!","","",""
"prcvpdmz01","NO ROUTE!","","",""
"prcvpdmz01","NO ROUTE!","","",""
"prcvpdmz01","NO ROUTE!","","",""
"prcvpdmz01","NO ROUTE!","","",""
"prcvpdmz01","NO ROUTE!","","",""
"prcvpdmz01","NO ROUTE!","","",""
"prcvpdmz01","NO ROUTE!","","",""
"prcvpdmz01","NO ROUTE!","","",""
"prcvpdmz01","NO ROUTE!","","",""
"prcvpdmz01","NO ROUTE!","","",""
"prcvpdmz01","NO ROUTE!","","",""
"prcvpdmz01","NO ROUTE!","","",""
"prcvpdmz01","NO ROUTE!","","",""
"prcvpdmz01","NO ROUTE!","","",""
"prcvpdmz01","NO ROUTE!","","",""
"prcvpdmz02","NO ROUTE!","","",""
"prcvpdmz02","NO ROUTE!","","",""
"prcvpdmz02","NO ROUTE!","","",""
"prcvpdmz02","NO ROUTE!","","",""
"prcvpdmz02","NO ROUTE!","","",""
"prcvpdmz02","NO ROUTE!","","",""
"prcvpdmz02","NO ROUTE!","","",""
"prcvpdmz02","NO ROUTE!","","",""
"prcvpdmz02","NO ROUTE!","","",""
"prcvpdmz02","NO ROUTE!","","",""
"prcvpdmz02","NO ROUTE!","","",""
"prcvpdmz02","NO ROUTE!","","",""
"prcvpdmz02","NO ROUTE!","","",""
"prcvpdmz02","NO ROUTE!","","",""
"prcvpdmz02","NO ROUTE!","","",""
"prcvpdmz02","NO ROUTE!","","",""
"prcvpdmz02","NO ROUTE!","","",""
"prcvpdmz02","NO ROUTE!","","",""
"prcvpdmz02","NO ROUTE!","","",""
"prcvpdmz02","NO ROUTE!","","",""
"prcvpdmz02","NO ROUTE!","","",""
"prcvpdmz02","NO ROUTE!","","",""
"prcvpdmz02","NO ROUTE!","","",""
"prcvpdmz02","NO ROUTE!","","",""
"prcvpdmz02","NO ROUTE!","","",""
"prcvpdmz02","NO ROUTE!","","",""
"prcvpdmz02","NO ROUTE!","","",""
"prcvpdmz02","NO ROUTE!","","",""
"prcvpdmz02","NO ROUTE!","","",""
"prcvpdmz02","NO ROUTE!","","",""
"prcvpdmz02","NO ROUTE!","","",""
"prcvpdmz02","NO ROUTE!","","",""
"prcvpdmz02","NO ROUTE!","","",""
"prcvpdmz02","NO ROUTE!","","",""
"prcvpdmz02","NO ROUTE!","","",""
"prcvpdmz02","NO ROUTE!","","",""
"prcvpdmz02","NO ROUTE!","","",""
"prcvpdmz02","NO ROUTE!","","",""
"prcvpdmz02","NO ROUTE!","","",""
"prcvpdmz02","NO ROUTE!","","",""
"prcvpdmz02","NO ROUTE!","","",""
"prcvpdmz02","NO ROUTE!","","",""
"prcvpdmz02","NO ROUTE!","","",""
"prcvpdmz02","NO ROUTE!","","",""
"prcvpdmz02","NO ROUTE!","","",""
"prcvpdmz02","NO ROUTE!","","",""
"prcvpdmz02","NO ROUTE!","","",""
"prcvpdmz02","NO ROUTE!","","",""
"prcvpdmz02","NO ROUTE!","","",""
"prcvpdmz02","NO ROUTE!","","",""
"prcvpdmz02","NO ROUTE!","","",""
"prcvpmod01","NO ROUTE!","","",""
"prcvpmod01","NO ROUTE!","","",""
"prcvpmod01","NO ROUTE!","","",""
"prcvpmod01","NO ROUTE!","","",""
"prcvpmod01","NO ROUTE!","","",""
"prcvpmod01","NO ROUTE!","","",""
"prcvpmod01","NO ROUTE!","","",""
"prcvpmod01","NO ROUTE!","","",""
"prcvpmod01","NO ROUTE!","","",""
"prcvpmod01","NO ROUTE!","","",""
"prcvpmod01","NO ROUTE!","","",""
"prcvpmod01","NO ROUTE!","","",""
"prcvpmod01","NO ROUTE!","","",""
"prcvpmod01","NO ROUTE!","","",""
"prcvpmod01","NO ROUTE!","","",""
"prcvpmod01","NO ROUTE!","","",""
"prcvpmod01","NO ROUTE!","","",""
"prcvpmod01","NO ROUTE!","","",""
"prcvpmod01","NO ROUTE!","","",""
"prcvpmod01","NO ROUTE!","","",""
"prcvpmod01","NO ROUTE!","","",""
"prcvpmod01","NO ROUTE!","","",""
"prcvpmod01","NO ROUTE!","","",""
"prcvpmod01","NO ROUTE!","","",""
"prcvpmod01","NO ROUTE!","","",""
"prcvpmod01","NO ROUTE!","","",""
"prcvpmod01","NO ROUTE!","","",""
"prcvpmod01","NO ROUTE!","","",""
"prcvpmod01","NO ROUTE!","","",""
"prcvpmod01","NO ROUTE!","","",""
"prcvpmod01","NO ROUTE!","","",""
"prcvpmod01","NO ROUTE!","","",""
"prcvpmod01","NO ROUTE!","","",""
"prcvpmod01","NO ROUTE!","","",""
"prcvpmod01","NO ROUTE!","","",""
"prcvpmod01","NO ROUTE!","","",""
"prcvpmod01","NO ROUTE!","","",""
"prcvpmod01","NO ROUTE!","","",""
"prcvpmod01","NO ROUTE!","","",""
"prcvpmod01","NO ROUTE!","","",""
"prcvpmod01","NO ROUTE!","","",""
"prcvpmod01","NO ROUTE!","","",""
"prcvpmod01","NO ROUTE!","","",""
"prcvpmod01","NO ROUTE!","","",""
"prcvpmod01","NO ROUTE!","","",""
"prcvpmod01","NO ROUTE!","","",""
"prcvpmod01","NO ROUTE!","","",""
"prcvpmod01","NO ROUTE!","","",""
"prcvpmod01","NO ROUTE!","","",""
"prcvpmod01","NO ROUTE!","","",""
"prcvpmod01","NO ROUTE!","","",""
"prcvpmod02","NO ROUTE!","","",""
"prcvpmod02","NO ROUTE!","","",""
"prcvpmod02","NO ROUTE!","","",""
"prcvpmod02","NO ROUTE!","","",""
"prcvpmod02","NO ROUTE!","","",""
"prcvpmod02","NO ROUTE!","","",""
"prcvpmod02","NO ROUTE!","","",""
"prcvpmod02","NO ROUTE!","","",""
"prcvpmod02","NO ROUTE!","","",""
"prcvpmod02","NO ROUTE!","","",""
"prcvpmod02","NO ROUTE!","","",""
"prcvpmod02","NO ROUTE!","","",""
"prcvpmod02","NO ROUTE!","","",""
"prcvpmod02","NO ROUTE!","","",""
"prcvpmod02","NO ROUTE!","","",""
"prcvpmod02","NO ROUTE!","","",""
"prcvpmod02","NO ROUTE!","","",""
"prcvpmod02","NO ROUTE!","","",""
"prcvpmod02","NO ROUTE!","","",""
"prcvpmod02","NO ROUTE!","","",""
"prcvpmod02","NO ROUTE!","","",""
"prcvpmod02","NO ROUTE!","","",""
"prcvpmod02","NO ROUTE!","","",""
"prcvpmod02","NO ROUTE!","","",""
"prcvpmod02","NO ROUTE!","","",""
"prcvpmod02","NO ROUTE!","","",""
"prcvpmod02","NO ROUTE!","","",""
"prcvpmod02","NO ROUTE!","","",""
"prcvpmod02","NO ROUTE!","","",""
"prcvpmod02","NO ROUTE!","","",""
"prcvpmod02","NO ROUTE!","","",""
"prcvpmod02","NO ROUTE!","","",""
"prcvpmod02","NO ROUTE!","","",""
"prcvpmod02","NO ROUTE!","","",""
"prcvpmod02","NO ROUTE!","","",""
"prcvpmod02","NO ROUTE!","","",""
"prcvpmod02","NO ROUTE!","","",""
"prcvpmod02","NO ROUTE!","","",""
"prcvpmod02","NO ROUTE!","","",""
"prcvpmod02","NO ROUTE!","","",""
"prcvpmod02","NO ROUTE!","","",""
"prcvpmod02","NO ROUTE!","","",""
"prcvpmod02","NO ROUTE!","","",""
"prcvpmod02","NO ROUTE!","","",""
"prcvpmod02","NO ROUTE!","","",""
"prcvpmod02","NO ROUTE!","","",""
"prcvpmod02","NO ROUTE!","","",""
"prcvpmod02","NO ROUTE!","","",""
"prcvpmod02","NO ROUTE!","","",""
"prcvpmod02","NO ROUTE!","","",""
"prcvpmod02","NO ROUTE!","","",""
