"ah3-ctxt-fw-cifwsm-ach-vpnpp-101","0"
"rlyo-coreg","16"
"fw-no2450-pra-cli-110","28"
"rlyo-cored","20"
"rcbv-twin-1","0"
"ah3-ctxt-fw-cifwsm-ach-mutp-101","0"
"ah3-ctxt-fw-cifwsm-ach-h2rp-001","0"
"mtz-d1a-1bp","2"
"fdat-adm-d","6"
"ah3-ctxt-fw-cifwsm-ach-natp-101","0"
"rc-trappes2","2"
"ah2-ctxt-fw-cifwsm-ach-h2rp-001","0"
"fcbv-dmz-alpes-2","0"
"rcbv-pandore","4"
"ah3-adm-00t202-01bp8610","1"
"fdat-adm-g","6"
"flyo-fed-be-pre","9"
"rdf-052-1a6","2"
"rc-champlan1","2"
"psprcfw02","0"
"psprcfw01","0"
"ch2-drim-31","0"
"pravpmod04","0"
"pravpmod03","0"
"rcsw-acgi02-ace-se","0"
"rc-bobigny","0"
"fw-no380-rdf-pkip-010","10"
"ah3-ctxt-fw-cifwsm-ach-calicep-101","0"
"seq-08s-1a6","2"
"ah2-rapp-00s401-01c6509--pra","3"
"rdf-043-1a6","2"
"prcpxdzc03","0"
"prcpxdzc02","0"
"prcpxdzc01","0"
"rc-valenton2","4"
"rc-choisy","6"
"rc-valenton1","4"
"prcpxdzc06","0"
"seq-02s-1a6","2"
"prcpxdzc05","0"
"rcsw-chgi02-ace-admin","0"
"prcpxdzc04","0"
"ah3-ctxt-fw-cifwsm-ach-vpnpp2-101","0"
"fw-no385-ah3-rapp-020","45"
"pro-00t1-01al6602-1","1"
"rc-trappes-msc","0"
"ah2-rapp-00s401-02a2424--pra","41"
"rc-st-etienne-msc","0"
"ah2-adm-00t102-01bp8610","17"
"rcsw-chgifi01","0"
"rcsw-chgifi03","0"
"rcsw-chgifi02","0"
"rcsw-chgifi04","0"
"fcbv-dmz-alpes-1","0"
"cha3glbl61","0"
"rdf-s11-2a6","2"
"cha3glbl60","0"
"rdf-033-1a6","2"
"ah2-rapp-00s401-01c6509-pra","3"
"rdf-001-1a6","2"
"ralpes-prod-ag1","26"
"pro-01tb-01al6602-1","1"
"rc-montpellier-msc","1"
"fvnx-spoke-mg","4"
"rdf-s1i-2a7","2"
"rc-vitrolles-msc","0"
"rdf-s1i-2a6","0"
"l40-02a-1a6","0"
"rcsw-acgi01-ace-nawg","0"
"gen-d2a-1bp","0"
"ch2-00s-3c2","0"
"rbron-coreg","6"
"rss-rapi-00s0b-02c6509","0"
"rbron-cored","7"
"pralbecds01","0"
"ah3-adm-00t201-01bp8610","1"
"pralbecds02","0"
"cha3glbl02","0"
"ah2-rapp-00s401-01a2424","36"
"fbron-supnagra","0"
"cha3glbl01","0"
"seq-20s-1a6","2"
"seq-29s-1a6","2"
"l40-01a-1a6","0"
"rdf-034-1a6","2"
"ah3-rapp-00s401-02c6509-fwsm","0"
"seq-00n-1a6","2"
"rdf-s12-1a7","4"
"prclbmo201","0"
"prclbmo202","0"
"fwqw-wifi","2"
"rc-limoges-msc","0"
"rcsw-acgifi03","0"
"rcsw-acgifi04","0"
"rcsw-acgifi01","0"
"rcsw-acgifi02","0"
"abl-00s-1bp","0"
"asa-root-2","18"
"prafwcol01","0"
"seq-21s-1a6","2"
"ah3-rapp-00s401-01c6509","3"
"ah2-ctxt-fw-cifwsm-ach-passp-101","0"
"asa-root-1","18"
"prafwcol02","0"
"ralpes-prod-ad1","26"
"ah2-ctxt-fw-cifwsm-ach-calicep-101","0"
"rcsw-ch1bb01","0"
"stc-05s-2bp","0"
"ah2-ctxt-fw-cifwsm-ach-natp-101","0"
"rcsw-ch1bb02","0"
"rc-seq-r117-60","8"
"rcsw-chpopom01","0"
"rcsw-chpopom02","0"
"rren-spoke-1","38"
"rren-spoke-2","38"
"seq-25n-1a6","2"
"rc-rennes-msc","0"
"rdf-041-1a6","2"
"rob14-save-coread","20"
"rob14-save-coreag","20"
"sts-05s-1bp","0"
"ah2-adm-00t201-01bp8610","1"
"pra-appp-00p1c4-01aas2424","0"
"fwcbv-vl-1","22"
"sha-00a-1bp","1"
"a8rxcha001lc2602","2"
"a8rxcha001lc2601","2"
"rc-nice-msc","0"
"prafwadm01","0"
"prafwovis01","0"
"prafwadm02","0"
"shg-00s-3bp","1"
"rstr-bur","4"
"ah3-rapp-00s401-02c6509","28"
"rlyo-savg-2","14"
"fw-pfs-internet04","9"
"rlyo-savg-1","14"
"fw-pfs-internet03","9"
"ah3-cbv-00t201-01bp8610","23"
"prcfwcol02","0"
"seq-d2d-1a7","2"
"rc-defense7","16"
"rc-defense6","19"
"rc-defense4","35"
"rc-defense2","21"
"rc-defense3","19"
"rc-defense1","28"
"ah3-dmzp-00t202-01bp8610","1"
"prcfwcol01","0"
"lsp-00n-1bp","0"
"ah2-ctxt-fw-cifwsm-ach-b2binp-101","0"
"rdf-002-1a6","2"
"cata-ch2-00s-5cc","0"
"rcsw-ac4bb01","0"
"rcsw-ac4bb02","0"
"fcbv-spoke-mg","4"
"rc-pse","6"
"ah2-rapp-00s401-02c6509-pra-fwsm","0"
"ah2-ctxt-fw-cifwsm-ach-sfr9c-101","0"
"rdf-032-1a6","2"
"rc-grenoble-msc","0"
"prapxdzc02","0"
"prapxdzc03","0"
"prapxdzc04","0"
"r33vil-bur-ltp1-2","10"
"rdf-012-1a6","2"
"r33vil-bur-ltp1-3","10"
"rver-bur","2"
"l40-06a-1a6","0"
"seq-24s-1a6","2"
"r33vil-bur-ltp1-1","10"
"rdf-am1-1a6","2"
"rdf-021-1a6","2"
"fabv-spoke-2","0"
"fabv-spoke-1","0"
"prapxdzc01","0"
"ch2-00s-5cc","43"
"llyo-fed-prep-fe-me","10"
"fw-no380-rss-atok-010","12"
"rc-sannois","6"
"seq-11s-1a6","2"
"rmdn2-2b-1","10"
"rmdn2-2b-2","10"
"rboul-spoke-1","38"
"rboul-spoke-2","38"
"ch2-00s-7cc","2"
"ah2-rapp-00s401-01c6509-fwsm-system","0"
"ah3-appp-00t201-01bp8610","1"
"ah2-ctxt-fw-cifwsm-ach-xfbp-101","0"
"ah4-appp-00t106-01bp8610","17"
"ah2-ctxt-fw-cifwsm-ach-vpnpp-101","0"
"rcsw-acgi01-ace-wapin","0"
"flyo-fed-mg","20"
"ach1gfw23","0"
"ach1gfw24","0"
"ach1gfw21","0"
"ach1gfw22","0"
"ah3-ctxt-fw-cifwsm-ach-dnsp-101","0"
"ah3-ctxt-fw-cifwsm-ach-webp-101","0"
"seq-08n-1a6","2"
"rcorbas-fed-2","6"
"rcorbas-fed-1","6"
"flyo-spoke-mg","4"
"ah4-appp-00t105-01bp8610","17"
"fw-no2450-ah2-atop-210","11"
"fw-fnfg200a-ach-exo-001","5"
"udbron-02","11"
"seq-14s-1a6","2"
"rcbv-province","4"
"seq-28n-1a6","2"
"rtr-ach1ls01","0"
"rtr-ach1ls02","0"
"fsbg-spoke-2","0"
"rcsw-chgi01-ace-admin","0"
"fsbg-spoke-1","0"
"seq-26s-1a6","2"
"rdf-053-1a6","2"
"rc-neuilly","6"
"ah3-rapp-00s401-02c6509-fwsm-admin","0"
"rcsw-acgi02-ace-admin","0"
"prafwdcn02","0"
"prafwdcn01","0"
"fren-spoke-mg","4"
"rtr-cha3ls02","0"
"rtr-cha3ls01","0"
"fvnx-spoke-be","4"
"fpar-spoke-mg","4"
"rc-lille-rep1","2"
"rlyo-vtechd","18"
"rlyo-vtechg","18"
"rcbv-inethd1","6"
"rc-dijon-msc","2"
"marse1-cr-sr3","4"
"ah2-rapp-00s401-01a2424--pra","36"
"marse1-cr-sr1","10"
"marse1-cr-sr2","12"
"lcbv-prodag","42"
"lcbv-prodad","42"
"ah3-ctxt-fw-cifwsm-ach-b2binp-101","0"
"lsp-00s-1bp","0"
"ah3-rapp-00s401-01c6509-fwsm-admin","0"
"rob9-sav-cored","18"
"ah2-dmzp-00t102-01bp8610","17"
"fwbron-suprossisfr","5"
"rob9-sav-coreg","18"
"ah2-appp-00t102-01bp8610","17"
"rcbv-trading-europ","2"
"rdf-1s4-1a6","2"
"rdf-011-1a6","2"
"rss-b00s-1ba","0"
"fwcbv-cpit2","24"
"fwcbv-cpit1","24"
"rss-rapi-00s0b-01c6509","0"
"ffed-mg-g","27"
"fwcbv-vl2","22"
"prcfwdcn01","0"
"prcfwdcn02","0"
"ach1gfw02","0"
"ach1gfw01","0"
"ah4-adm-00t107-01bp8610","17"
"rcsw-ac2bb01","0"
"seq-d2a-2a7","2"
"pralbmo201","0"
"pralbmo202","0"
"rc-mitry-mory1-1","4"
"ah3-ctxt-fw-cifwsm-ach-metp-101","0"
"ffed-fe-g","71"
"pralbmo402","0"
"pralbmo401","0"
"rcbv-inethg1","6"
"ah3-tl2-00t201-01bp8610","0"
"ffed-mg-d","27"
"prcfwdmz05","0"
"prcfwdmz06","0"
"prcfwdmz01","0"
"fwcbv-asait2","46"
"prcfwdmz02","0"
"fwcbv-asait1","46"
"rc-charpenne1","2"
"seq-16n-1a6","2"
"fw-fnfg200a-seq-exo-001","80"
"fw-fnfg200a-seq-exo-002","80"
"l9tv-fe-d1","34"
"l9tv-fe-d2","34"
"rc-la-fleche-msc","0"
"ah2-appp-00t201-01bp8610","1"
"ach1glbl61","0"
"ach1glbl60","0"
"flyo-save-pfs-d","1"
"flyo-save-pfs-g","1"
"a8rxlyo002lc7301","8"
"fw-aol1","8"
"rfed-fe-g","12"
"rfed-fe-d","12"
"rc-prologue1","2"
"flyo-prodg","6"
"flyo-prodd","6"
"fw-aol2","8"
"fw-no120-sacre-eds-lbm--pra","0"
"ah2-rapp-00s401-01sg8100","0"
"rqw-cored","12"
"rqw-coreg","10"
"fw-no380-pra-ada-010","22"
"seq-11n-1a6","2"
"cata-ch2-00s-6cc","0"
"pralbmomms02","0"
"ach1glblcch01","0"
"pralbmomms01","0"
"ah3-ctxt-fw-cifwsm-ach-sfr9c-101","0"
"seq-d2d-2a7","2"
"ach1glblcch02","0"
"rc-rouen-msc","0"
"fw-no385-rss-rapi-010","8"
"fzac-asabib","0"
"rcsw-acgi01-ace-se","0"
"rpar-spoke-1","38"
"rpar-spoke-2","38"
"atop-00t209-04aas2424","22"
"ah4-dmzp-00t107-01bp8610","17"
"rcsw-ch2bb02","0"
"rcsw-ch2bb01","0"
"rc-bron2","4"
"seq-03n-1a6","2"
"rc-bron1","3"
"ah2-dmzp-00t202-01bp8610","1"
"prcvpmod02","0"
"prcvpmod01","0"
"ah2-appp-00t101-01bp8610","17"
"rc-lbm-00p1c1-01","7"
"rc-puget1","6"
"flyo-psie-int","3"
"f9tv-be-d1-2","9"
"atop-00t209-03aas2424","22"
"rc-bron4","4"
"f9tv-be-d1-1","9"
"rc-bron3","8"
"rcbv-aol-vpn-1","6"
"rbdx-spoke-2","38"
"a8rxlyo001lc7301","8"
"ralpes-bur-ad3","8"
"rbdx-spoke-1","38"
"ah3-rapp-00s401-02as2424","41"
"fw-ravd1","18"
"fw-ravd2","18"
"rc-metz3","0"
"fcbv-sav-ccord-g","37"
"atop-00t209-03bp8610","4"
"fcbv-sav-ccord-d","37"
"rc-metz1","2"
"rdf-054-1a6","2"
"atoi-00sb02-02aas2424","0"
"ah2-rapp-00s401-01c6509","3"
"fw-ac1","8"
"fw-ac2","8"
"ah3-ctxt-fw-cifwsm-ach-passp-101","0"
"ch2-00s-2c2","0"
"ah2-rapp-00s401-02c6509-fwsm","0"
"ah2-ctxt-fw-cifwsm-ach-vpnpp2-101","0"
"ah2-appp-00t202-01bp8610","1"
"rc-lefoullon2","2"
"rbdx-lac-g-1","12"
"rbdx-lac-g-3","12"
"rbdx-lac-g-2","12"
"atop-00t209-01bp8610","16"
"rc-lefoullon1","4"
"seq-25s-1a6","2"
"seq-20n-1a6","2"
"ah2-rapp-00s401-01c6509-pra-fwsm","0"
"fw-fnfg200a-riv-exo-001","35"
"fw-fnfg200a-riv-exo-002","35"
"rdf-031-2a6","2"
"prapxdzp01","0"
"l40-r1a-1a6","0"
"seq-13n-1a6","2"
"prapxdzp02","0"
"rc-rennes-ss1","5"
"rc-rennes-ss2","4"
"rc-la-seyne-msc","0"
"rc-toulouse2","7"
"rc-rennes-ss3","0"
"rc-toulouse1","4"
"rc-lyon-corbas","0"
"pro-00t2-01al6602-1","1"
"pra-rc-ah2-rapp-00twan-ci7204","0"
"rc-rss00si-b7-01","1"
"bc2-00a-2bp","3"
"mas-02lc1-01bp1624","1"
"rdf-1s3-1a6","2"
"ah2-rapp-00s401-02c6509-fwsm-admin","0"
"rcbv-core","59"
"rcsw-chgi02","0"
"rcsw-chgi01","0"
"seq-05n-1a6","2"
"ah3-appp-00t101-02bp8610","19"
"ah3-dmzp-00t102-01bp8610","17"
"ah3-adm-00t101-01bp8610","17"
"fpar-spoke-be","4"
"atop-sp-00t209-02as2424","0"
"slk-00s-1bp","1"
"ah2-ctxt-fw-cifwsm-ach-mutp-101","0"
"ralpes-bur-ag3","8"
"ch2-00s-17c2","0"
"she-00a-1bp","1"
"seq-16s-1a6","2"
"ah2-ctxt-fw-cifwsm-ach-smtpp-101","0"
"seq-21n-1a6","2"
"ach1glbl02","0"
"ach1glbl01","0"
"rc-defense14","19"
"seq-d2b-1a6","2"
"rcbv-nagra-mg-d","10"
"rcbv-nagra-mg-g","10"
"seq-09s-1a6","2"
"rc-dijon-msc-new","2"
"fw-no380-rdf-pkip-020","0"
"rc-lbm9","60"
"rc-bordeaux-msc","0"
"rc-ah2-00wan-sat1","0"
"a8rxcha001mc2602","2"
"a8rxcha001mc2601","2"
"rc-lbm5","2"
"rdf-003-1a6","2"
"ah3-ctxt-fw-cifwsm-ach-distp-101","0"
"ch2-00s-12c2","0"
"prcfwovis01","0"
"ah3-cbv-00t201-01aas2424","6"
"ah2-appp-00t202-as2424","7"
"atop-00t209-04bp8610","4"
"mtz-d1a-2bp","2"
"atop-sp-00t209-01as2424","0"
"ah3-appp-00t202-as2424","7"
"seq-07n-1a6","2"
"seq-26n-1a6","2"
"prcvpdmz02","0"
"rc-rdef-ltc-s1-1b1-40","19"
"prcvpdmz01","0"
"fboul-spoke-2","0"
"ah2-dmzp-00t101-01bp8610","17"
"fboul-spoke-1","0"
"ah3-dmzp-00t201-01bp8610","1"
"ah2-ctxt-fw-cifwsm-ach-metp-101","0"
"fw-fnfg200a-lyo-exo-002","11"
"gen-d2a-2bp","0"
"fw-fnfg200a-lyo-exo-001","11"
"prcpxnoc01","0"
"ah3-dmzp-00t101-01bp8610","0"
"ah3-cbv-00t101-01bp8610","23"
"seq-32s-1a6","2"
"cha3glblcch02","0"
"rcsw-acv6gi02","0"
"cha3glblcch01","0"
"rcsw-acv6gi01","0"
"fmar-vpn-gp-1","8"
"llyo-fed-be-1","7"
"fmar-vpn-gp-2","8"
"llyo-fed-be-2","7"
"abl-00s-2bp","0"
"rcsw-chgi01-ace-wapin","0"
"seq-30s-1a6","2"
"seq-31s-1a6","2"
"fwcbv-concord-g","43"
"fwcbv-concord-d","43"
"seq-32n-1a6","2"
"rcsw-acgi02-ace-nawg","0"
"ah2-ctxt-fw-cifwsm-ach-vpnp-101","0"
"rdf-s11-1a6","2"
"ffed-bk-d","41"
"rdf-s11-1a7","4"
"rcsw-ac1bb01","0"
"rcsw-ac1bb02","0"
"llyo-fed-fe-1","10"
"llyo-fed-fe-2","10"
"rlyo-fed-sav-1","1"
"seq-15s-1a6","2"
"prcfwadm02","0"
"rdf-042-1a6","2"
"prcfwadm01","0"
"rlyo-fed-sav-2","1"
"ffed-bk-g","41"
"fw-no385-pra-rapp-010","48"
"seq-d2n-1a8","12"
"fw-no385-ah2-rapp-010","45"
"ah2-ctxt-fw-cifwsm-ach-distp-101","0"
"rc-bezons1","6"
"seq-18n-1a6","2"
"rc-bezons3","8"
"ralpes-core","54"
"seq-14n-1a6","2"
"fw-fnfg200a-aix-exo-001","4"
"ah2-ctxt-fw-cifwsm-ach-hebp-101","0"
"cha3gfw21","0"
"cha3gfw22","0"
"cha3gfw23","0"
"cha3gfw24","0"
"rdf-s1i-1a7","2"
"seq-10n-1a6","2"
"pro-00t4-01al6602-1","1"
"flyo-sav-g","46"
"flyo-spoke-2","0"
"flyo-fed-preprod","5"
"mas-02lc1-02bp1624","1"
"flyo-fed-fe1","41"
"ah3-appp-00t101-01bp8610","17"
"ah3-rapp-00s401-02a2424","41"
"flyo-fed-fe2","41"
"fw-fnfg200a-tou-exo-001","4"
"ralpes-sav-3","14"
"ah2-rapp-00s401-02c6509","28"
"ralpes-sav-4","14"
"rabv-spoke-1","38"
"ralpes-sav-1","14"
"rabv-spoke-2","38"
"ralpes-sav-2","14"
"fabv-spoke-mg","4"
"flyo-sav-d","46"
"fcbv-spoke-1","0"
"l40-03a-1a6","0"
"fcbv-spoke-2","0"
"ah2-adm-00t201-02bp8610","17"
"a8rxcaa004lc7301","2"
"flyo-spoke-1","0"
"seq-23s-1a6","2"
"rvnx-spoke-2","38"
"rvnx-spoke-1","38"
"pravpdmz01","0"
"fw-fnfg200a-lil-exo-001","4"
"pravpdmz02","0"
"l40-r1b-1a6","0"
"fboul-spoke-be","4"
"rcsw-chgi01-ace-se","0"
"fw-fnfg200a-nan-exo-001","5"
"rc-ah3-rapp-00twan-ci7204","5"
"rlyo-spoke-1","38"
"ah4-dmzp-00t105-01bp8610","17"
"rlyo-fed-sav-3-2","1"
"rlyo-spoke-2","38"
"rlyo-fed-sav-3-1","1"
"rcbv-vtechd0","83"
"ch2-oos-op-01","0"
"ah3-cbv-00t101-01aas2424","6"
"rc-champigny-msc","1"
"seq-02n-1a6","2"
"ch2-oos-op-02","0"
"rc-sequoia16","21"
"rc-sequoia17","2"
"fw-no2450-ah3-cli-020","26"
"ch2-00s-4c2","0"
"seq-10s-1a6","2"
"seq-r110-1a6","2"
"rlyo-fed-hub-2","42"
"rlyo-fed-hub-1","42"
"seq-03s-1a6","2"
"rlyo-fed-be-1","19"
"rc-ah1-00t208-40","18"
"rlyo-fed-be-2","21"
"pra-appp-00p1c4-01bp8610","3"
"prcfwbak02","0"
"rcbv-constructeur","4"
"psprafw02","0"
"pro-03tc-01al6602-1","1"
"fw-no2450-ah2-cli-010","26"
"psprafw01","0"
"pro-00ti-01al7700","2"
"prcfwbak01","0"
"cha3gfw02","0"
"rcsw-acgi01","0"
"cha3gfw01","0"
"rcsw-acgi02","0"
"seq-27n-1a6","2"
"rc-ah2-dmz-ltc1107-01","8"
"ah2-rapp-00s401-02c6509--pra","27"
"sts-05s-2bp","0"
"fsbg-spoke-mg","0"
"ah3-adm-00t102-01bp8610","17"
"prafwbak01","0"
"prafwbak02","0"
"seq-19s-1a6","0"
"rc-aubagne-msc","0"
"rbdx-lac-d-3","12"
"prapxnoc01","0"
"rbdx-lac-d-2","12"
"rbdx-lac-d-1","12"
"seq-04s-1a6","2"
"rc-arras-msc","0"
"rc-ah3-dmz-ltc1107-02","12"
"rdf-1s1-1a6","2"
"fwqo-pixlab","6"
"seq-24n-1a6","2"
"rc-ah1-00t208-61","30"
"rc-ah1-00t208-60","34"
"ch2-00s-6cc","43"
"seq-23n-1a6","2"
"ah2-ctxt-fw-cifwsm-ach-supsip-101","0"
"rlyo-savd-1","14"
"cha3glsn02","0"
"cha3glsn01","0"
"seq-17s-1a6","2"
"rlyo-savd-2","14"
"lbalpes-prodad","42"
"lbalpes-prodag","42"
"rdf-005-1a6","0"
"rdf-044-1a6","2"
"rc-clermont","0"
"rc-lampertheim-msc","0"
"rc-rcalais1","6"
"rcsw-chgi02-ace-nawg","0"
"flyo-fed-mg-1","0"
"fwcbv-pixfil1-1","21"
"fwcbv-pixfil1-2","21"
"seq-13s-1a6","2"
"flyo-fed-mg-2","0"
"rcbv-cetelem","4"
"seq-18s-1a6","2"
"fw-fnfg200a-mas-exo-001","4"
"fboul-spoke-mg","4"
"ah2-appp-00t202-02bp8610","19"
"pfspfcrt01","0"
"seq-22s-1a6","2"
"pfspfcrt02","0"
"rc-champlan2-1","2"
"rc-ah1-00t208-80","21"
"rc-champlan2-2","4"
"rc-ah1-00t208-81","21"
"a8rxcaa003lc7301","2"
"lcbv-nagra-g","42"
"lcbv-nagra-d","42"
"fw-dcn2","8"
"fw-dcn1","8"
"seq-12n-1a6","2"
"fw-fnfg200a-pro-exo-001","12"
"ah3-ctxt-fw-cifwsm-ach-hebp-101","0"
"rcsw-chgi02-ace-wapin","0"
"fren-spoke-be","4"
"fwcbv-nagra-1","32"
"fwcbv-nagra-2","32"
"llyo-fed-prep-me","3"
"seq-28s-1a6","2"
"ah2-dmzp-00t201-01bp8610","1"
"rss-m00s-1bp8610","0"
"ach1v6gfw02","0"
"ach1v6gfw01","0"
"prafwdmz02","0"
"prafwdmz01","0"
"pra-dmzp-00p1c4-01aas2424","9"
"llyo-fed-me-2","7"
"llyo-fed-me-1","7"
"ah3-appp-00t102-01bp8610","17"
"hurons-2","2"
"atop-00t209-02aas2424","7"
"rc-lille-pilat1","0"
"bc2-00a-1bp","3"
"hurons-1","2"
"rcbv-prodad1","35"
"rc-lbm-00sa02-80","0"
"fwcbv-pixmvno1-1","10"
"fwcbv-pixmvno1-2","10"
"seq-29n-1a6","2"
"seq-d2s-1a8","12"
"rc-lbm-00sa02-81","0"
"seq-12s-1a6","2"
"rlyo-fed-fe-g","10"
"fwmdn-dmz","4"
"fw-no380-ah1-ada-010","23"
"rlyo-fed-fe-d","10"
"seq-17n-1a6","2"
"seq-06s-1a6","2"
"lalpes-bur-ad3","42"
"fw-fnfg200a-met-exo-001","4"
"seq-07s-1a6","2"
"rc-ah3-00t208-41","17"
"rcbv-spoke-1","38"
"rcbv-spoke-2","38"
"rc-lbm-00sa02-70","29"
"pro-03tc-02al6602","1"
"fbdx-spoke-be","4"
"rcbv-accord","7"
"fabv-spoke-be","4"
"fw-no380-cbv-qv4-02","0"
"fw-no380-cbv-qv4-01","0"
"fw-no380-ah3-tl2-010","12"
"rc-ah2-rapp-00twan-ci7204","6"
"ah3-ctxt-fw-cifwsm-ach-rcextp-101","0"
"rc-lbm-00sa02-61","0"
"rc-lbm-00sa02-60","0"
"fcbv-core-2","36"
"fw-no2450-ah3-atop-210","11"
"ah2-rapp-00s401-02a2424","41"
"fcbv-spoke-be","4"
"rcbv-sigma","9"
"rdf-004-1a6","2"
"ah3-rapp-00s401-01sg8100","0"
"fw-no380-ah3-tl2-020","12"
"atop-00t209-01aas2424","7"
"rcsw-acgi02-ace-wapin","0"
"flyo-spoke-be","4"
"seq-04n-1a6","2"
"rc-seq-r125-61","6"
"seq-01s-1a6","2"
"rc-seq-r125-60","8"
"prclbpub01","0"
"prclbpub02","0"
"seq-d2a-1a7","2"
"a8rxldf001lc2601","2"
"seq-d2a-1a6","2"
"a8rxldf001lc2602","2"
"ah3-adm-00t102-02bp8610","17"
"seq-01n-1a6","2"
"llyo-fed-prep-fe","10"
"rcsw-ch3bb01","0"
"rc-lbm-00sa02-40","16"
"fw-fnfg200a-ren-exo-001","6"
"lalpes-bur-ag3","42"
"rcsw-ch3bb02","0"
"iu0200","39"
"iu0201","39"
"rcsw-acv6gifi01","0"
"rcsw-acv6gifi02","0"
"rcsw-acv6gifi03","0"
"rcsw-acv6gifi04","0"
"pro-00ti-02al7700","2"
"iu0205","44"
"seq-05s-1a6","2"
"iu0204","44"
"ah3-ctxt-fw-cifwsm-ach-vpnp-101","0"
"iu0203","39"
"iu0202","39"
"iu0209","24"
"rcsw-acgi01-ace-admin","0"
"iu0208","24"
"ah2-ctxt-fw-cifwsm-ach-webp-101","0"
"iu0207","44"
"iu0206","44"
"rcbv-prodag1","35"
"fw-no380-ah1-ada-020","23"
"fwcbv-presta1","69"
"iu0210","24"
"iu0211","24"
"seq-09n-1a6","2"
"iu0212","39"
"fwcbv-presta2","69"
"rc-seq-r125-41","33"
"rcbv-vtechg0","81"
"ah2-adm-00t101-01bp8610","17"
"seq-15n-1a6","2"
"seq-06n-1a6","2"
"iu0218","44"
"iu0217","44"
"ah2-dmzp-00t101-02bp8610","0"
"l40-d1n-1a7","9"
"iu0219","44"
"iu0214","39"
"iu0213","39"
"iu0216","44"
"iu0215","39"
"iu0222","39"
"iu0223","39"
"iu0220","39"
"rcsw-acpopom02","0"
"iu0221","39"
"rcsw-acpopom01","0"
"lpub-fe-e1","42"
"lpub-fe-e2","42"
"ah2-adm-00t202-01bp8610","1"
"ah3-rapp-00s401-01c6509-fwsm","0"
"rc-mitry-mory2-1","2"
"pra-dmzp-00p1c4-01bp8610","0"
"iu0229","24"
"ldmz-fe-e2","6"
"iu0228","24"
"ldmz-fe-e1","6"
"iu0227","44"
"iu0226","44"
"iu0225","44"
"iu0224","44"
"ah2-rapp-00s401-01c6509-fwsm-admin","0"
"iu0237","44"
"iu0238","44"
"iu0235","39"
"iu0236","44"
"nas-as5350","0"
"fren-spoke-1","0"
"l40-r1c-1a6","0"
"fren-spoke-2","0"
"iu0239","44"
"seq-22n-1a6","2"
"fbdx-spoke-mg","4"
"fmdn-dmz","0"
"fvnx-spoke-2","0"
"fvnx-spoke-1","0"
"llyo-fed-prep-be","3"
"rcorbas","4"
"iu0230","24"
"flyo-fed-mg-rx","23"
"ffed-fe-d-1","71"
"iu0234","39"
"ah3-dmzp-00t202-02bp8610","0"
"iu0233","39"
"iu0232","39"
"ah4-adm-00t106-01bp8610","17"
"iu0231","24"
"prcpxdzp02","0"
"prcpxdzp01","0"
"seq-31n-1a6","2"
"stc-05s-1bp","0"
"fbdx-spoke-1","0"
"pra-adm-00p1c1-01bp8610","1"
"fbdx-spoke-2","0"
"pralbdzmms02","0"
"pralbdzmms01","0"
"ach1glsn01","0"
"rdf-022-1a6","2"
"rdf-051-1a6","2"
"ach1glsn02","0"
"rdf-1s3-2a6","2"
"pro-00t3-01al6602-1","1"
"rcsw-chgi01-ace-nawg","0"
"fw-no2450-pra-appp-210","11"
"seq-19n-1a6","2"
"seq-27s-1a6","2"
"ch2-00s-1c2","0"
"rdf-031-1a6","2"
"pra-appp-00p1c3-02as2424","7"
"fw-mgt-inet1","18"
"fw-mgt-inet2","18"
"ah3-ctxt-fw-cifwsm-ach-smtpp-101","0"
"fpar-spoke-2","0"
"fpar-spoke-1","0"
"ch2-00s-9c2","0"
"ah2-ctxt-fw-cifwsm-ach-rcextp-101","0"
"fwmdn-wifi","4"
"seq-30n-1a6","2"
"rc-rdef-ltcs1-2b1-41","17"
"fcbv-core-1","36"
"ch2-00s-ad-01","0"
"pro-01ta-01al6602-1","1"
"rlyo-prodd","14"
"rcsw-chgi02-ace-se","0"
"rlyo-prodg","14"
"rc-pro-00ti-40","18"
"rerenis-seb","0"
"rfed-bk-d","2"
"seq-d2c-1a6","2"
"rfed-bk-g","2"
"rcsw-ac3bb01","0"
"rdf-1s2-1a6","2"
"ah3-ctxt-fw-cifwsm-ach-xfbp-101","0"
"rc-bezons2-2","6"
"slk-00s-2bp","1"
"rc-bezons2-1","6"
"fsbg-spoke-be","0"
"flyo-fed-be-1","29"
"flyo-fed-be-2","29"
"pralbmo101","0"
"atop-00t209-02bp8610","16"
"pralbmo102","0"
"ah3-rapp-00s401-01a2424","36"
"rdf-003-2a6","2"
"rdf-s1i-3a6","0"
"rlyo-bur","1"
"ah3-appp-00t202-01bp8610","1"
"fw-ire1","8"
"rc-toulouse-msc","2"
"fw-ire2","8"
"rc-seq-r117-40","35"
"rrei-bur","4"
"flyo-vtech","20"
"ah2-ctxt-fw-cifwsm-ach-dnsp-101","0"
"ah3-ctxt-fw-cifwsm-ach-supsip-101","0"
"rdf-1s4-2a6","2"
